Year,Province,District,Latitude,Longitude,Elevation,Month,Cases,Temp_avg,Precipitation_avg,Humidity_avg
2019,Western,Colombo,6.924429,79.90725,4.0,1.0,1225.0,26.914285714285715,0.7714285714285714,72.60714285714286
2019,Western,Gampaha,7.0650263,79.96622,19.0,1.0,724.0,27.417857142857144,0.7285714285714286,69.89285714285714
2019,Western,Kalutara,6.572935,80.02519,5.0,1.0,372.0,26.1125,1.3964285714285718,80.46428571428571
2019,Central,Kandy,7.275923,80.62659,499.0,1.0,288.0,22.06785714285714,1.8535714285714284,83.42857142857143
2019,Central,Matale,7.4868193,80.52632,362.0,1.0,62.0,25.59285714285714,0.8500000000000002,74.28571428571429
2019,Central,Nuwara Eliya,6.9947276,80.73418,1865.0,1.0,26.0,14.74107142857143,2.717857142857143,86.57142857142857
2019,Southern,Galle,6.0808434,80.23373,8.0,1.0,132.0,25.432142857142853,2.953571428571427,85.28571428571429
2019,Southern,Hambantota,5.940246,80.55,6.0,1.0,140.0,25.760714285714283,0.8285714285714285,83.35714285714286
2019,Southern,Matara,6.1511426,81.127815,8.0,1.0,219.0,27.28750000000001,0.7107142857142856,71.0
2019,Northern,Jaffna,9.66608,80.034874,8.0,1.0,900.0,25.10535714285714,0.1785714285714285,74.89285714285714
2019,Northern,Kilinochchi,9.384886,80.38228,19.0,1.0,34.0,25.130357142857143,0.3142857142857143,74.57142857142857
2019,Northern,Mannar,8.963093,79.96543,5.0,1.0,27.0,25.63571428571429,0.5071428571428572,74.35714285714286
2019,Northern,Vavuniya,8.752197,80.53448,104.0,1.0,41.0,24.798214285714288,0.4071428571428571,78.42857142857143
2019,Northern,Mulativu,9.244288,80.789246,5.0,1.0,47.0,25.732142857142858,0.675,74.46428571428571
2019,Eastern,Batticaloa,7.6977153,81.65106,10.0,1.0,191.0,25.5625,3.435714285714286,80.89285714285714
2019,Eastern,Ampara,7.275923,81.693474,38.0,1.0,132.0,25.28571428571429,3.878571428571428,82.17857142857143
2019,Eastern,Trincomalee,8.611599,81.170395,8.0,1.0,157.0,25.69821428571429,0.9392857142857144,75.0
2019,North Western,Kurunegala,7.4868193,80.37352,129.0,1.0,215.0,25.09285714285714,0.8500000000000002,74.21428571428571
2019,North Western,Puttalam,8.04921,79.84615,4.0,1.0,79.0,25.701785714285712,0.2392857142857143,76.21428571428571
2019,North central,Anuradhapura,8.330404,80.42882,95.0,1.0,64.0,24.989285714285717,0.3607142857142856,79.75
2019,North central,Polonnaruwa,7.908612,81.01536,56.0,1.0,39.0,25.24285714285714,1.7071428571428573,81.17857142857143
2019,Uva,Badulla,6.9947276,81.03797,676.0,1.0,79.0,19.741071428571423,6.603571428571429,92.78571428571428
2019,Uva,Moneragala,6.8541303,81.35636,152.0,1.0,60.0,25.09285714285714,1.3392857142857146,78.0
2019,Sabaragamuwa,Ratnapura,6.7135324,80.38688,73.0,1.0,177.0,26.03571428571429,2.4214285714285717,82.67857142857143
2019,Sabaragamuwa,Kegalle,7.275923,80.32176,172.0,1.0,150.0,26.61607142857143,0.9607142857142856,69.10714285714286
2020,Western,Colombo,6.924429,79.90725,4.0,1.0,1693.0,26.882142857142853,0.7107142857142856,78.21428571428571
2020,Western,Gampaha,7.0650263,79.96622,19.0,1.0,1049.0,27.71964285714285,0.7892857142857145,73.07142857142857
2020,Western,Kalutara,6.572935,80.02519,5.0,1.0,536.0,26.71607142857143,1.025,81.53571428571429
2020,Central,Kandy,7.275923,80.62659,499.0,1.0,674.0,22.714285714285715,0.55,82.39285714285714
2020,Central,Matale,7.4868193,80.52632,362.0,1.0,276.0,25.975,0.5178571428571429,75.71428571428571
2020,Central,Nuwara Eliya,6.9947276,80.73418,1865.0,1.0,77.0,15.4,1.1,84.17857142857143
2020,Southern,Galle,6.0808434,80.23373,8.0,1.0,651.0,26.525,1.4964285714285714,80.75
2020,Southern,Hambantota,5.940246,80.55,6.0,1.0,156.0,27.02142857142857,0.3178571428571428,78.92857142857143
2020,Southern,Matara,6.1511426,81.127815,8.0,1.0,227.0,27.3625,0.9107142857142856,74.75
2020,Northern,Jaffna,9.66608,80.034874,8.0,1.0,1061.0,26.19464285714285,0.4785714285714286,78.57142857142857
2020,Northern,Kilinochchi,9.384886,80.38228,19.0,1.0,64.0,26.02142857142857,0.7999999999999999,77.85714285714286
2020,Northern,Mannar,8.963093,79.96543,5.0,1.0,90.0,27.048214285714288,0.5607142857142857,73.82142857142857
2020,Northern,Vavuniya,8.752197,80.53448,104.0,1.0,139.0,25.619642857142857,0.982142857142857,80.82142857142857
2020,Northern,Mulativu,9.244288,80.789246,5.0,1.0,58.0,26.50892857142857,1.5,76.82142857142857
2020,Eastern,Batticaloa,7.6977153,81.65106,10.0,1.0,1088.0,26.33571428571429,2.253571428571429,81.42857142857143
2020,Eastern,Ampara,7.275923,81.693474,38.0,1.0,682.0,25.955357142857142,2.510714285714286,83.03571428571429
2020,Eastern,Trincomalee,8.611599,81.170395,8.0,1.0,1455.0,26.39642857142857,1.9214285714285717,77.14285714285714
2020,North Western,Kurunegala,7.4868193,80.37352,129.0,1.0,421.0,25.475,0.5178571428571429,75.64285714285714
2020,North Western,Puttalam,8.04921,79.84615,4.0,1.0,224.0,26.683928571428574,0.4714285714285714,77.5
2020,North central,Anuradhapura,8.330404,80.42882,95.0,1.0,184.0,25.87678571428572,0.725,81.39285714285714
2020,North central,Polonnaruwa,7.908612,81.01536,56.0,1.0,81.0,26.048214285714288,2.117857142857143,82.75
2020,Uva,Badulla,6.9947276,81.03797,676.0,1.0,230.0,20.47142857142857,4.025,89.67857142857143
2020,Uva,Moneragala,6.8541303,81.35636,152.0,1.0,0.0,25.35714285714285,1.6535714285714285,81.03571428571429
2020,Sabaragamuwa,Ratnapura,6.7135324,80.38688,73.0,1.0,296.0,26.46428571428571,1.3571428571428574,83.28571428571429
2020,Sabaragamuwa,Kegalle,7.275923,80.32176,172.0,1.0,196.0,27.10714285714285,0.4714285714285714,70.21428571428571
2021,Western,Colombo,6.924429,79.90725,4.0,1.0,208.0,25.755357142857143,9.114285714285714,85.85714285714286
2021,Western,Gampaha,7.0650263,79.96622,19.0,1.0,123.0,25.9875,6.764285714285714,84.17857142857143
2021,Western,Kalutara,6.572935,80.02519,5.0,1.0,77.0,25.69642857142857,8.903571428571428,87.0
2021,Central,Kandy,7.275923,80.62659,499.0,1.0,74.0,22.44821428571429,4.778571428571428,87.03571428571429
2021,Central,Matale,7.4868193,80.52632,362.0,1.0,9.0,24.998214285714287,6.582142857142857,84.42857142857143
2021,Central,Nuwara Eliya,6.9947276,80.73418,1865.0,1.0,7.0,15.173214285714284,9.839285714285715,89.78571428571429
2021,Southern,Galle,6.0808434,80.23373,8.0,1.0,23.0,25.408928571428568,9.29285714285714,87.60714285714286
2021,Southern,Hambantota,5.940246,80.55,6.0,1.0,22.0,25.88928571428572,5.874999999999999,85.17857142857143
2021,Southern,Matara,6.1511426,81.127815,8.0,1.0,23.0,26.3375,5.921428571428572,82.53571428571429
2021,Northern,Jaffna,9.66608,80.034874,8.0,1.0,14.0,25.69821428571429,9.475,83.92857142857143
2021,Northern,Kilinochchi,9.384886,80.38228,19.0,1.0,4.0,25.530357142857135,18.632142857142863,84.03571428571429
2021,Northern,Mannar,8.963093,79.96543,5.0,1.0,5.0,25.807142857142857,6.714285714285714,84.14285714285714
2021,Northern,Vavuniya,8.752197,80.53448,104.0,1.0,3.0,25.15714285714286,12.075,86.64285714285714
2021,Northern,Mulativu,9.244288,80.789246,5.0,1.0,0.0,25.858928571428574,14.317857142857145,83.10714285714286
2021,Eastern,Batticaloa,7.6977153,81.65106,10.0,1.0,1276.0,25.778571428571432,7.517857142857143,85.96428571428571
2021,Eastern,Ampara,7.275923,81.693474,38.0,1.0,31.0,25.480357142857137,9.264285714285714,87.32142857142857
2021,Eastern,Trincomalee,8.611599,81.170395,8.0,1.0,11.0,25.682142857142857,16.942857142857143,83.35714285714286
2021,North Western,Kurunegala,7.4868193,80.37352,129.0,1.0,53.0,24.498214285714287,6.582142857142857,84.39285714285714
2021,North Western,Puttalam,8.04921,79.84615,4.0,1.0,49.0,25.95,4.403571428571428,84.07142857142857
2021,North central,Anuradhapura,8.330404,80.42882,95.0,1.0,14.0,25.360714285714288,7.703571428571427,86.64285714285714
2021,North central,Polonnaruwa,7.908612,81.01536,56.0,1.0,4.0,25.52857142857143,11.410714285714286,87.14285714285714
2021,Uva,Badulla,6.9947276,81.03797,676.0,1.0,23.0,20.566071428571423,14.775000000000002,92.57142857142856
2021,Uva,Moneragala,6.8541303,81.35636,152.0,1.0,9.0,24.789285714285715,11.275,86.82142857142857
2021,Sabaragamuwa,Ratnapura,6.7135324,80.38688,73.0,1.0,36.0,25.64821428571429,7.635714285714285,87.89285714285714
2021,Sabaragamuwa,Kegalle,7.275923,80.32176,172.0,1.0,24.0,25.330357142857142,10.017857142857142,84.14285714285714
2019,Western,Colombo,6.924429,79.90725,4.0,2.0,792.0,27.18571428571429,4.30357142857143,80.46428571428571
2019,Western,Gampaha,7.0650263,79.96622,19.0,2.0,466.0,27.555357142857144,7.289285714285714,79.21428571428571
2019,Western,Kalutara,6.572935,80.02519,5.0,2.0,202.0,26.84107142857142,3.660714285714285,82.67857142857143
2019,Central,Kandy,7.275923,80.62659,499.0,2.0,229.0,23.0,5.971428571428572,85.64285714285714
2019,Central,Matale,7.4868193,80.52632,362.0,2.0,54.0,26.3625,5.414285714285716,79.07142857142857
2019,Central,Nuwara Eliya,6.9947276,80.73418,1865.0,2.0,17.0,15.369642857142855,5.392857142857145,86.71428571428571
2019,Southern,Galle,6.0808434,80.23373,8.0,2.0,123.0,26.382142857142853,6.914285714285714,83.57142857142857
2019,Southern,Hambantota,5.940246,80.55,6.0,2.0,91.0,26.930357142857144,3.803571428571429,81.92857142857143
2019,Southern,Matara,6.1511426,81.127815,8.0,2.0,133.0,27.70714285714286,6.899999999999998,76.53571428571429
2019,Northern,Jaffna,9.66608,80.034874,8.0,2.0,454.0,27.30357142857143,0.6714285714285715,76.89285714285714
2019,Northern,Kilinochchi,9.384886,80.38228,19.0,2.0,23.0,26.778571428571432,1.2464285714285712,77.92857142857143
2019,Northern,Mannar,8.963093,79.96543,5.0,2.0,16.0,27.105357142857137,8.378571428571428,77.82142857142857
2019,Northern,Vavuniya,8.752197,80.53448,104.0,2.0,44.0,26.55535714285714,1.785714285714286,80.5
2019,Northern,Mulativu,9.244288,80.789246,5.0,2.0,31.0,26.817857142857143,1.507142857142857,79.57142857142857
2019,Eastern,Batticaloa,7.6977153,81.65106,10.0,2.0,195.0,26.55178571428572,3.817857142857144,83.92857142857143
2019,Eastern,Ampara,7.275923,81.693474,38.0,2.0,112.0,26.237499999999997,5.310714285714285,85.28571428571429
2019,Eastern,Trincomalee,8.611599,81.170395,8.0,2.0,106.0,26.60178571428572,2.0107142857142857,80.10714285714286
2019,North Western,Kurunegala,7.4868193,80.37352,129.0,2.0,147.0,25.8625,5.414285714285716,78.96428571428571
2019,North Western,Puttalam,8.04921,79.84615,4.0,2.0,60.0,27.33392857142857,2.8321428571428577,78.78571428571429
2019,North central,Anuradhapura,8.330404,80.42882,95.0,2.0,53.0,26.819642857142867,2.946428571428572,80.64285714285714
2019,North central,Polonnaruwa,7.908612,81.01536,56.0,2.0,19.0,26.394642857142863,4.049999999999999,84.60714285714286
2019,Uva,Badulla,6.9947276,81.03797,676.0,2.0,68.0,21.1125,6.457142857142858,90.03571428571429
2019,Uva,Moneragala,6.8541303,81.35636,152.0,2.0,38.0,25.8625,4.760714285714286,83.28571428571429
2019,Sabaragamuwa,Ratnapura,6.7135324,80.38688,73.0,2.0,165.0,27.016071428571436,5.125000000000001,82.46428571428571
2019,Sabaragamuwa,Kegalle,7.275923,80.32176,172.0,2.0,98.0,26.97142857142857,11.578571428571433,77.25
2020,Western,Colombo,6.924429,79.90725,4.0,2.0,767.0,28.030357142857145,0.8535714285714285,73.07142857142857
2020,Western,Gampaha,7.0650263,79.96622,19.0,2.0,452.0,29.15178571428571,0.8964285714285715,67.60714285714286
2020,Western,Kalutara,6.572935,80.02519,5.0,2.0,273.0,27.22678571428572,1.2892857142857146,79.07142857142857
2020,Central,Kandy,7.275923,80.62659,499.0,2.0,290.0,23.491071428571423,1.0785714285714283,78.10714285714286
2020,Central,Matale,7.4868193,80.52632,362.0,2.0,110.0,27.105357142857148,0.3571428571428571,68.85714285714286
2020,Central,Nuwara Eliya,6.9947276,80.73418,1865.0,2.0,28.0,15.735714285714284,2.0500000000000003,79.96428571428571
2020,Southern,Galle,6.0808434,80.23373,8.0,2.0,249.0,27.226785714285715,2.2964285714285717,75.5
2020,Southern,Hambantota,5.940246,80.55,6.0,2.0,78.0,27.401785714285708,1.082142857142857,76.5
2020,Southern,Matara,6.1511426,81.127815,8.0,2.0,120.0,27.794642857142858,2.7678571428571423,72.07142857142857
2020,Northern,Jaffna,9.66608,80.034874,8.0,2.0,490.0,27.103571428571428,0.2964285714285714,71.42857142857143
2020,Northern,Kilinochchi,9.384886,80.38228,19.0,2.0,31.0,26.51428571428572,0.6035714285714285,72.75
2020,Northern,Mannar,8.963093,79.96543,5.0,2.0,25.0,28.20357142857143,0.2964285714285714,66.10714285714286
2020,Northern,Vavuniya,8.752197,80.53448,104.0,2.0,72.0,26.45535714285714,0.5178571428571429,74.82142857142857
2020,Northern,Mulativu,9.244288,80.789246,5.0,2.0,15.0,26.99464285714285,1.0214285714285714,72.64285714285714
2020,Eastern,Batticaloa,7.6977153,81.65106,10.0,2.0,650.0,26.82678571428572,1.7392857142857143,76.25
2020,Eastern,Ampara,7.275923,81.693474,38.0,2.0,316.0,26.29464285714285,1.907142857142857,79.92857142857143
2020,Eastern,Trincomalee,8.611599,81.170395,8.0,2.0,569.0,27.00178571428572,1.1,71.75
2020,North Western,Kurunegala,7.4868193,80.37352,129.0,2.0,174.0,26.605357142857144,0.3571428571428571,68.75
2020,North Western,Puttalam,8.04921,79.84615,4.0,2.0,83.0,28.014285714285712,0.1785714285714285,69.14285714285714
2020,North central,Anuradhapura,8.330404,80.42882,95.0,2.0,95.0,26.821428571428573,0.3464285714285714,75.25
2020,North central,Polonnaruwa,7.908612,81.01536,56.0,2.0,77.0,26.63571428571429,1.6678571428571427,78.53571428571429
2020,Uva,Badulla,6.9947276,81.03797,676.0,2.0,91.0,20.74285714285714,5.049999999999999,89.71428571428571
2020,Uva,Moneragala,6.8541303,81.35636,152.0,2.0,0.0,26.02500000000001,1.4464285714285716,76.64285714285714
2020,Sabaragamuwa,Ratnapura,6.7135324,80.38688,73.0,2.0,206.0,27.8375,2.3750000000000004,77.39285714285714
2020,Sabaragamuwa,Kegalle,7.275923,80.32176,172.0,2.0,107.0,28.925,0.2607142857142857,61.21428571428572
2021,Western,Colombo,6.924429,79.90725,4.0,2.0,388.0,26.7,0.8214285714285714,77.78571428571429
2021,Western,Gampaha,7.0650263,79.96622,19.0,2.0,199.0,27.35714285714286,0.5928571428571427,73.71428571428571
2021,Western,Kalutara,6.572935,80.02519,5.0,2.0,76.0,26.632142857142856,1.225,80.5
2021,Central,Kandy,7.275923,80.62659,499.0,2.0,54.0,22.76428571428572,0.7571428571428572,81.82142857142857
2021,Central,Matale,7.4868193,80.52632,362.0,2.0,9.0,26.0,0.5678571428571428,73.85714285714286
2021,Central,Nuwara Eliya,6.9947276,80.73418,1865.0,2.0,3.0,15.305357142857142,1.7642857142857142,82.35714285714286
2021,Southern,Galle,6.0808434,80.23373,8.0,2.0,20.0,25.846428571428568,3.092857142857144,84.92857142857143
2021,Southern,Hambantota,5.940246,80.55,6.0,2.0,24.0,26.360714285714288,1.007142857142857,82.17857142857143
2021,Southern,Matara,6.1511426,81.127815,8.0,2.0,37.0,27.542857142857144,0.8428571428571429,72.75
2021,Northern,Jaffna,9.66608,80.034874,8.0,2.0,4.0,25.75,0.6607142857142857,76.71428571428571
2021,Northern,Kilinochchi,9.384886,80.38228,19.0,2.0,4.0,25.416071428571428,1.0964285714285713,77.89285714285714
2021,Northern,Mannar,8.963093,79.96543,5.0,2.0,4.0,26.15000000000001,0.6464285714285715,74.92857142857143
2021,Northern,Vavuniya,8.752197,80.53448,104.0,2.0,11.0,25.3625,1.2857142857142858,80.75
2021,Northern,Mulativu,9.244288,80.789246,5.0,2.0,0.0,25.889285714285712,1.4357142857142855,77.67857142857143
2021,Eastern,Batticaloa,7.6977153,81.65106,10.0,2.0,1214.0,25.88392857142857,2.1678571428571427,82.32142857142857
2021,Eastern,Ampara,7.275923,81.693474,38.0,2.0,35.0,25.721428571428568,2.6678571428571423,83.32142857142857
2021,Eastern,Trincomalee,8.611599,81.170395,8.0,2.0,39.0,25.83035714285714,1.6857142857142853,78.28571428571429
2021,North Western,Kurunegala,7.4868193,80.37352,129.0,2.0,65.0,25.5,0.5678571428571428,73.75
2021,North Western,Puttalam,8.04921,79.84615,4.0,2.0,37.0,26.25,0.4750000000000001,77.82142857142857
2021,North central,Anuradhapura,8.330404,80.42882,95.0,2.0,18.0,25.82678571428572,1.092857142857143,80.71428571428571
2021,North central,Polonnaruwa,7.908612,81.01536,56.0,2.0,6.0,25.860714285714284,2.2142857142857144,82.25
2021,Uva,Badulla,6.9947276,81.03797,676.0,2.0,2.0,20.50178571428572,4.689285714285715,90.03571428571429
2021,Uva,Moneragala,6.8541303,81.35636,152.0,2.0,4.0,25.41071428571428,1.9607142857142856,79.75
2021,Sabaragamuwa,Ratnapura,6.7135324,80.38688,73.0,2.0,64.0,26.380357142857147,2.210714285714286,84.25
2021,Sabaragamuwa,Kegalle,7.275923,80.32176,172.0,2.0,38.0,27.20892857142857,0.6392857142857143,69.71428571428571
2019,Western,Colombo,6.924429,79.90725,4.0,3.0,815.0,27.82678571428572,2.4750000000000005,77.64285714285714
2019,Western,Gampaha,7.0650263,79.96622,19.0,3.0,511.0,,,
2019,Western,Kalutara,6.572935,80.02519,5.0,3.0,250.0,27.328571428571426,2.3571428571428568,79.82142857142857
2019,Central,Kandy,7.275923,80.62659,499.0,3.0,231.0,24.078571428571426,0.7964285714285714,75.96428571428571
2019,Central,Matale,7.4868193,80.52632,362.0,3.0,58.0,28.176785714285717,0.8428571428571429,68.03571428571429
2019,Central,Nuwara Eliya,6.9947276,80.73418,1865.0,3.0,12.0,15.401785714285712,2.1607142857142856,75.75
2019,Southern,Galle,6.0808434,80.23373,8.0,3.0,156.0,26.95357142857143,3.503571428571429,81.03571428571429
2019,Southern,Hambantota,5.940246,80.55,6.0,3.0,80.0,27.21428571428572,1.6285714285714286,81.78571428571429
2019,Southern,Matara,6.1511426,81.127815,8.0,3.0,101.0,28.051785714285717,1.4821428571428572,75.21428571428571
2019,Northern,Jaffna,9.66608,80.034874,8.0,3.0,268.0,28.871428571428567,0.225,73.28571428571429
2019,Northern,Kilinochchi,9.384886,80.38228,19.0,3.0,16.0,28.371428571428567,0.1357142857142857,72.71428571428571
2019,Northern,Mannar,8.963093,79.96543,5.0,3.0,14.0,28.7125,0.2749999999999999,69.39285714285714
2019,Northern,Vavuniya,8.752197,80.53448,104.0,3.0,57.0,29.019642857142856,0.1821428571428571,70.42857142857143
2019,Northern,Mulativu,9.244288,80.789246,5.0,3.0,12.0,28.03035714285714,0.1535714285714285,76.96428571428571
2019,Eastern,Batticaloa,7.6977153,81.65106,10.0,3.0,218.0,27.76071428571428,0.6642857142857143,77.60714285714286
2019,Eastern,Ampara,7.275923,81.693474,38.0,3.0,152.0,27.33392857142857,1.1178571428571429,80.75
2019,Eastern,Trincomalee,8.611599,81.170395,8.0,3.0,164.0,28.00178571428571,0.2535714285714286,73.92857142857143
2019,North Western,Kurunegala,7.4868193,80.37352,129.0,3.0,148.0,27.676785714285717,0.8428571428571429,67.92857142857143
2019,North Western,Puttalam,8.04921,79.84615,4.0,3.0,52.0,28.623214285714287,0.6214285714285713,74.57142857142857
2019,North central,Anuradhapura,8.330404,80.42882,95.0,3.0,51.0,28.996428571428574,0.3928571428571428,70.5
2019,North central,Polonnaruwa,7.908612,81.01536,56.0,3.0,25.0,28.40892857142857,0.4535714285714286,75.5
2019,Uva,Badulla,6.9947276,81.03797,676.0,3.0,73.0,21.27142857142857,3.071428571428572,81.5
2019,Uva,Moneragala,6.8541303,81.35636,152.0,3.0,49.0,27.380357142857143,2.1785714285714284,75.0
2019,Sabaragamuwa,Ratnapura,6.7135324,80.38688,73.0,3.0,210.0,28.1125,2.864285714285715,75.53571428571429
2019,Sabaragamuwa,Kegalle,7.275923,80.32176,172.0,3.0,109.0,28.326785714285712,2.0428571428571427,71.32142857142857
2020,Western,Colombo,6.924429,79.90725,4.0,3.0,235.0,28.105357142857144,1.135714285714286,77.67857142857143
2020,Western,Gampaha,7.0650263,79.96622,19.0,3.0,128.0,28.605357142857137,2.275,76.5
2020,Western,Kalutara,6.572935,80.02519,5.0,3.0,112.0,27.946428571428577,1.4857142857142858,78.32142857142857
2020,Central,Kandy,7.275923,80.62659,499.0,3.0,114.0,24.987499999999997,0.3535714285714285,71.60714285714286
2020,Central,Matale,7.4868193,80.52632,362.0,3.0,44.0,28.798214285714288,0.9214285714285714,66.78571428571429
2020,Central,Nuwara Eliya,6.9947276,80.73418,1865.0,3.0,16.0,17.185714285714283,0.9535714285714286,67.57142857142857
2020,Southern,Galle,6.0808434,80.23373,8.0,3.0,63.0,28.133928571428577,1.5464285714285717,73.96428571428571
2020,Southern,Hambantota,5.940246,80.55,6.0,3.0,24.0,27.51428571428572,0.425,78.92857142857143
2020,Southern,Matara,6.1511426,81.127815,8.0,3.0,21.0,28.303571428571423,0.3821428571428572,72.67857142857143
2020,Northern,Jaffna,9.66608,80.034874,8.0,3.0,154.0,28.425,0.0928571428571428,72.25
2020,Northern,Kilinochchi,9.384886,80.38228,19.0,3.0,8.0,27.585714285714285,0.1964285714285714,73.78571428571429
2020,Northern,Mannar,8.963093,79.96543,5.0,3.0,2.0,28.96785714285715,0.5785714285714285,66.57142857142857
2020,Northern,Vavuniya,8.752197,80.53448,104.0,3.0,15.0,28.183928571428574,0.1357142857142857,72.78571428571429
2020,Northern,Mulativu,9.244288,80.789246,5.0,3.0,2.0,27.735714285714288,0.3071428571428572,74.89285714285714
2020,Eastern,Batticaloa,7.6977153,81.65106,10.0,3.0,222.0,27.825,0.4714285714285715,75.10714285714286
2020,Eastern,Ampara,7.275923,81.693474,38.0,3.0,78.0,27.58571428571429,0.5285714285714286,77.67857142857143
2020,Eastern,Trincomalee,8.611599,81.170395,8.0,3.0,143.0,27.77500000000001,0.35,72.5
2020,North Western,Kurunegala,7.4868193,80.37352,129.0,3.0,55.0,28.298214285714288,0.9214285714285714,66.75
2020,North Western,Puttalam,8.04921,79.84615,4.0,3.0,36.0,28.723214285714285,0.9964285714285712,73.35714285714286
2020,North central,Anuradhapura,8.330404,80.42882,95.0,3.0,44.0,28.50714285714286,1.0464285714285717,71.92857142857143
2020,North central,Polonnaruwa,7.908612,81.01536,56.0,3.0,23.0,28.84821428571428,0.2464285714285714,72.14285714285714
2020,Uva,Badulla,6.9947276,81.03797,676.0,3.0,33.0,21.98392857142857,1.2464285714285714,79.67857142857143
2020,Uva,Moneragala,6.8541303,81.35636,152.0,3.0,0.0,27.519642857142856,0.6785714285714286,72.78571428571429
2020,Sabaragamuwa,Ratnapura,6.7135324,80.38688,73.0,3.0,69.0,28.63392857142857,1.4678571428571427,75.21428571428571
2020,Sabaragamuwa,Kegalle,7.275923,80.32176,172.0,3.0,42.0,29.644642857142856,1.625,67.71428571428571
2021,Western,Colombo,6.924429,79.90725,4.0,3.0,677.0,26.616071428571427,7.067857142857142,83.53571428571429
2021,Western,Gampaha,7.0650263,79.96622,19.0,3.0,285.0,27.296428571428564,7.899999999999999,81.0
2021,Western,Kalutara,6.572935,80.02519,5.0,3.0,132.0,26.68035714285714,7.932142857142857,83.39285714285714
2021,Central,Kandy,7.275923,80.62659,499.0,3.0,82.0,23.47678571428571,3.5571428571428574,79.75
2021,Central,Matale,7.4868193,80.52632,362.0,3.0,13.0,27.307142857142853,2.825,72.57142857142857
2021,Central,Nuwara Eliya,6.9947276,80.73418,1865.0,3.0,10.0,15.37857142857143,2.5964285714285715,80.25
2021,Southern,Galle,6.0808434,80.23373,8.0,3.0,33.0,26.54285714285715,5.728571428571429,82.67857142857143
2021,Southern,Hambantota,5.940246,80.55,6.0,3.0,34.0,26.79642857142857,3.071428571428572,82.17857142857143
2021,Southern,Matara,6.1511426,81.127815,8.0,3.0,36.0,27.526785714285715,3.907142857142858,76.64285714285714
2021,Northern,Jaffna,9.66608,80.034874,8.0,3.0,6.0,28.099999999999994,0.6214285714285713,74.92857142857143
2021,Northern,Kilinochchi,9.384886,80.38228,19.0,3.0,2.0,27.16964285714285,0.5785714285714285,76.53571428571429
2021,Northern,Mannar,8.963093,79.96543,5.0,3.0,5.0,28.255357142857143,1.5785714285714283,71.25
2021,Northern,Vavuniya,8.752197,80.53448,104.0,3.0,9.0,27.15,1.467857142857143,78.85714285714286
2021,Northern,Mulativu,9.244288,80.789246,5.0,3.0,0.0,27.56428571428572,1.025,76.96428571428571
2021,Eastern,Batticaloa,7.6977153,81.65106,10.0,3.0,450.0,26.975,2.932142857142857,81.14285714285714
2021,Eastern,Ampara,7.275923,81.693474,38.0,3.0,68.0,26.473214285714285,4.903571428571429,83.89285714285714
2021,Eastern,Trincomalee,8.611599,81.170395,8.0,3.0,35.0,27.43392857142857,1.1035714285714284,75.67857142857143
2021,North Western,Kurunegala,7.4868193,80.37352,129.0,3.0,153.0,26.807142857142853,2.825,72.46428571428571
2021,North Western,Puttalam,8.04921,79.84615,4.0,3.0,58.0,27.923214285714284,2.914285714285714,77.67857142857143
2021,North central,Anuradhapura,8.330404,80.42882,95.0,3.0,27.0,27.47678571428571,2.1035714285714286,78.46428571428571
2021,North central,Polonnaruwa,7.908612,81.01536,56.0,3.0,0.0,27.27678571428572,2.907142857142857,80.32142857142857
2021,Uva,Badulla,6.9947276,81.03797,676.0,3.0,16.0,21.15,6.0,84.5
2021,Uva,Moneragala,6.8541303,81.35636,152.0,3.0,16.0,25.94107142857143,4.917857142857144,81.17857142857143
2021,Sabaragamuwa,Ratnapura,6.7135324,80.38688,73.0,3.0,100.0,26.425,9.271428571428572,84.5
2021,Sabaragamuwa,Kegalle,7.275923,80.32176,172.0,3.0,65.0,27.941071428571423,6.171428571428572,73.03571428571429
2019,Western,Colombo,6.924429,79.90725,4.0,4.0,579.0,28.39285714285714,3.5035714285714272,78.42857142857143
2019,Western,Gampaha,7.0650263,79.96622,19.0,4.0,429.0,28.60714285714286,4.639285714285713,78.0
2019,Western,Kalutara,6.572935,80.02519,5.0,4.0,219.0,28.11607142857143,3.932142857142858,79.53571428571429
2019,Central,Kandy,7.275923,80.62659,499.0,4.0,192.0,25.869642857142857,3.849999999999999,74.92857142857143
2019,Central,Matale,7.4868193,80.52632,362.0,4.0,17.0,28.746428571428574,5.7250000000000005,74.96428571428571
2019,Central,Nuwara Eliya,6.9947276,80.73418,1865.0,4.0,7.0,16.80535714285714,4.900000000000001,83.67857142857143
2019,Southern,Galle,6.0808434,80.23373,8.0,4.0,207.0,27.442857142857136,3.817857142857143,82.03571428571429
2019,Southern,Hambantota,5.940246,80.55,6.0,4.0,81.0,27.682142857142864,3.085714285714286,82.89285714285714
2019,Southern,Matara,6.1511426,81.127815,8.0,4.0,106.0,28.612500000000008,2.396428571428572,78.60714285714286
2019,Northern,Jaffna,9.66608,80.034874,8.0,4.0,161.0,29.694642857142863,0.9035714285714284,74.96428571428571
2019,Northern,Kilinochchi,9.384886,80.38228,19.0,4.0,11.0,29.99107142857143,0.8250000000000001,71.53571428571429
2019,Northern,Mannar,8.963093,79.96543,5.0,4.0,9.0,29.55357142857143,1.2928571428571427,71.85714285714286
2019,Northern,Vavuniya,8.752197,80.53448,104.0,4.0,16.0,30.023214285714285,2.660714285714285,71.57142857142857
2019,Northern,Mulativu,9.244288,80.789246,5.0,4.0,3.0,29.137500000000003,0.2964285714285714,76.71428571428571
2019,Eastern,Batticaloa,7.6977153,81.65106,10.0,4.0,128.0,29.089285714285715,1.6142857142857143,76.67857142857143
2019,Eastern,Ampara,7.275923,81.693474,38.0,4.0,104.0,28.9,1.7642857142857142,78.92857142857143
2019,Eastern,Trincomalee,8.611599,81.170395,8.0,4.0,148.0,29.20535714285713,0.7249999999999999,73.85714285714286
2019,North Western,Kurunegala,7.4868193,80.37352,129.0,4.0,119.0,28.246428571428574,5.7250000000000005,74.78571428571429
2019,North Western,Puttalam,8.04921,79.84615,4.0,4.0,29.0,28.601785714285707,4.128571428571429,80.14285714285714
2019,North central,Anuradhapura,8.330404,80.42882,95.0,4.0,34.0,29.746428571428574,3.7035714285714287,74.35714285714286
2019,North central,Polonnaruwa,7.908612,81.01536,56.0,4.0,21.0,29.673214285714288,2.314285714285714,75.14285714285714
2019,Uva,Badulla,6.9947276,81.03797,676.0,4.0,45.0,22.933928571428574,5.035714285714286,81.35714285714286
2019,Uva,Moneragala,6.8541303,81.35636,152.0,4.0,39.0,28.380357142857147,4.3,78.35714285714286
2019,Sabaragamuwa,Ratnapura,6.7135324,80.38688,73.0,4.0,176.0,28.519642857142856,8.075,78.78571428571429
2019,Sabaragamuwa,Kegalle,7.275923,80.32176,172.0,4.0,90.0,28.832142857142863,7.707142857142857,75.85714285714286
2020,Western,Colombo,6.924429,79.90725,4.0,4.0,30.0,27.95892857142857,5.271428571428571,82.39285714285714
2020,Western,Gampaha,7.0650263,79.96622,19.0,4.0,36.0,28.153571428571425,6.010714285714287,82.82142857142857
2020,Western,Kalutara,6.572935,80.02519,5.0,4.0,46.0,27.79464285714286,5.507142857142858,83.28571428571429
2020,Central,Kandy,7.275923,80.62659,499.0,4.0,36.0,25.34285714285714,2.667857142857142,78.64285714285714
2020,Central,Matale,7.4868193,80.52632,362.0,4.0,9.0,28.4625,6.028571428571429,77.75
2020,Central,Nuwara Eliya,6.9947276,80.73418,1865.0,4.0,1.0,16.887500000000003,7.410714285714286,81.53571428571429
2020,Southern,Galle,6.0808434,80.23373,8.0,4.0,41.0,27.46428571428571,6.824999999999998,83.64285714285714
2020,Southern,Hambantota,5.940246,80.55,6.0,4.0,6.0,27.7,2.971428571428571,83.17857142857143
2020,Southern,Matara,6.1511426,81.127815,8.0,4.0,6.0,28.51607142857143,2.232142857142857,77.89285714285714
2020,Northern,Jaffna,9.66608,80.034874,8.0,4.0,38.0,29.86607142857143,0.9464285714285714,74.78571428571429
2020,Northern,Kilinochchi,9.384886,80.38228,19.0,4.0,1.0,29.605357142857144,1.1285714285714288,74.03571428571429
2020,Northern,Mannar,8.963093,79.96543,5.0,4.0,1.0,30.028571428571425,1.4500000000000004,70.28571428571429
2020,Northern,Vavuniya,8.752197,80.53448,104.0,4.0,5.0,29.546428571428574,2.5642857142857145,74.96428571428571
2020,Northern,Mulativu,9.244288,80.789246,5.0,4.0,1.0,29.28214285714286,0.8000000000000002,76.60714285714286
2020,Eastern,Batticaloa,7.6977153,81.65106,10.0,4.0,86.0,28.848214285714285,1.6392857142857142,77.46428571428571
2020,Eastern,Ampara,7.275923,81.693474,38.0,4.0,33.0,28.730357142857144,2.1142857142857148,78.71428571428571
2020,Eastern,Trincomalee,8.611599,81.170395,8.0,4.0,40.0,29.276785714285715,0.7071428571428571,74.0
2020,North Western,Kurunegala,7.4868193,80.37352,129.0,4.0,7.0,27.9625,6.028571428571429,77.67857142857143
2020,North Western,Puttalam,8.04921,79.84615,4.0,4.0,5.0,28.65357142857143,4.3357142857142845,80.89285714285714
2020,North central,Anuradhapura,8.330404,80.42882,95.0,4.0,8.0,29.441071428571423,2.675,76.85714285714286
2020,North central,Polonnaruwa,7.908612,81.01536,56.0,4.0,2.0,29.71071428571429,2.375,75.07142857142857
2020,Uva,Badulla,6.9947276,81.03797,676.0,4.0,9.0,22.776785714285715,4.267857142857143,83.0
2020,Uva,Moneragala,6.8541303,81.35636,152.0,4.0,0.0,27.86607142857143,6.1571428571428575,79.89285714285714
2020,Sabaragamuwa,Ratnapura,6.7135324,80.38688,73.0,4.0,47.0,27.99107142857143,9.467857142857143,83.14285714285714
2020,Sabaragamuwa,Kegalle,7.275923,80.32176,172.0,4.0,17.0,28.25714285714286,8.817857142857145,79.92857142857143
2021,Western,Colombo,6.924429,79.90725,4.0,4.0,773.0,27.269642857142856,3.4428571428571435,84.25
2021,Western,Gampaha,7.0650263,79.96622,19.0,4.0,268.0,27.441071428571437,3.032142857142857,83.07142857142857
2021,Western,Kalutara,6.572935,80.02519,5.0,4.0,162.0,27.1625,3.207142857142858,83.96428571428571
2021,Central,Kandy,7.275923,80.62659,499.0,4.0,97.0,24.191071428571423,6.296428571428572,80.60714285714286
2021,Central,Matale,7.4868193,80.52632,362.0,4.0,15.0,27.35178571428571,12.810714285714289,80.0
2021,Central,Nuwara Eliya,6.9947276,80.73418,1865.0,4.0,8.0,16.080357142857142,8.239285714285714,80.53571428571429
2021,Southern,Galle,6.0808434,80.23373,8.0,4.0,53.0,27.00178571428572,2.639285714285715,83.42857142857143
2021,Southern,Hambantota,5.940246,80.55,6.0,4.0,42.0,27.444642857142856,3.146428571428572,83.17857142857143
2021,Southern,Matara,6.1511426,81.127815,8.0,4.0,39.0,28.63928571428572,1.6000000000000003,75.89285714285714
2021,Northern,Jaffna,9.66608,80.034874,8.0,4.0,5.0,29.176785714285717,2.1142857142857148,78.07142857142857
2021,Northern,Kilinochchi,9.384886,80.38228,19.0,4.0,1.0,29.03392857142857,2.242857142857143,76.0
2021,Northern,Mannar,8.963093,79.96543,5.0,4.0,6.0,29.367857142857144,1.3285714285714283,73.42857142857143
2021,Northern,Vavuniya,8.752197,80.53448,104.0,4.0,2.0,28.58571428571429,5.203571428571428,78.60714285714286
2021,Northern,Mulativu,9.244288,80.789246,5.0,4.0,0.0,28.905357142857135,1.610714285714286,79.57142857142857
2021,Eastern,Batticaloa,7.6977153,81.65106,10.0,4.0,249.0,28.36607142857143,2.5464285714285717,80.42857142857143
2021,Eastern,Ampara,7.275923,81.693474,38.0,4.0,72.0,28.196428571428573,2.6214285714285714,82.17857142857143
2021,Eastern,Trincomalee,8.611599,81.170395,8.0,4.0,20.0,28.88214285714286,2.153571428571428,77.03571428571429
2021,North Western,Kurunegala,7.4868193,80.37352,129.0,4.0,124.0,26.85178571428571,12.810714285714289,79.96428571428571
2021,North Western,Puttalam,8.04921,79.84615,4.0,4.0,54.0,28.14285714285714,3.1535714285714294,81.57142857142857
2021,North central,Anuradhapura,8.330404,80.42882,95.0,4.0,42.0,28.64107142857143,4.135714285714286,79.46428571428571
2021,North central,Polonnaruwa,7.908612,81.01536,56.0,4.0,3.0,29.03214285714286,3.410714285714286,76.60714285714286
2021,Uva,Badulla,6.9947276,81.03797,676.0,4.0,24.0,22.07321428571429,7.69642857142857,79.85714285714286
2021,Uva,Moneragala,6.8541303,81.35636,152.0,4.0,12.0,27.062500000000007,4.439285714285714,81.10714285714286
2021,Sabaragamuwa,Ratnapura,6.7135324,80.38688,73.0,4.0,77.0,26.97678571428572,5.803571428571429,86.03571428571429
2021,Sabaragamuwa,Kegalle,7.275923,80.32176,172.0,4.0,93.0,27.442857142857143,6.482142857142859,80.21428571428571
2019,Western,Colombo,6.924429,79.90725,4.0,5.0,866.0,28.02857142857143,4.110714285714286,82.46428571428571
2019,Western,Gampaha,7.0650263,79.96622,19.0,5.0,569.0,27.80178571428572,4.071428571428573,83.96428571428571
2019,Western,Kalutara,6.572935,80.02519,5.0,5.0,384.0,27.716071428571425,5.550000000000002,83.60714285714286
2019,Central,Kandy,7.275923,80.62659,499.0,5.0,296.0,25.446428571428573,1.0035714285714286,75.39285714285714
2019,Central,Matale,7.4868193,80.52632,362.0,5.0,30.0,27.869642857142857,1.0678571428571428,79.07142857142857
2019,Central,Nuwara Eliya,6.9947276,80.73418,1865.0,5.0,19.0,16.682142857142857,2.6392857142857147,85.10714285714286
2019,Southern,Galle,6.0808434,80.23373,8.0,5.0,772.0,27.38035714285715,7.421428571428572,84.03571428571429
2019,Southern,Hambantota,5.940246,80.55,6.0,5.0,109.0,27.81428571428571,5.728571428571429,83.71428571428571
2019,Southern,Matara,6.1511426,81.127815,8.0,5.0,130.0,28.84464285714285,1.482142857142857,77.07142857142857
2019,Northern,Jaffna,9.66608,80.034874,8.0,5.0,123.0,30.32321428571428,0.1857142857142857,76.60714285714286
2019,Northern,Kilinochchi,9.384886,80.38228,19.0,5.0,12.0,31.442857142857147,0.3964285714285714,66.96428571428571
2019,Northern,Mannar,8.963093,79.96543,5.0,5.0,6.0,30.5375,0.2142857142857142,72.5
2019,Northern,Vavuniya,8.752197,80.53448,104.0,5.0,15.0,30.539285714285715,0.6749999999999998,70.60714285714286
2019,Northern,Mulativu,9.244288,80.789246,5.0,5.0,10.0,31.776785714285715,0.5785714285714286,69.14285714285714
2019,Eastern,Batticaloa,7.6977153,81.65106,10.0,5.0,101.0,30.11607142857143,0.7964285714285716,74.25
2019,Eastern,Ampara,7.275923,81.693474,38.0,5.0,78.0,30.76071428571429,0.8035714285714286,68.32142857142857
2019,Eastern,Trincomalee,8.611599,81.170395,8.0,5.0,108.0,31.54464285714285,0.7535714285714287,66.21428571428571
2019,North Western,Kurunegala,7.4868193,80.37352,129.0,5.0,121.0,27.369642857142857,1.0678571428571428,79.0
2019,North Western,Puttalam,8.04921,79.84615,4.0,5.0,33.0,28.93035714285714,1.3214285714285714,79.53571428571429
2019,North central,Anuradhapura,8.330404,80.42882,95.0,5.0,36.0,29.753571428571423,0.5285714285714287,74.35714285714286
2019,North central,Polonnaruwa,7.908612,81.01536,56.0,5.0,23.0,31.512500000000003,0.7035714285714286,62.92857142857143
2019,Uva,Badulla,6.9947276,81.03797,676.0,5.0,41.0,23.960714285714285,1.7357142857142855,73.53571428571429
2019,Uva,Moneragala,6.8541303,81.35636,152.0,5.0,29.0,29.325,0.8499999999999999,69.32142857142857
2019,Sabaragamuwa,Ratnapura,6.7135324,80.38688,73.0,5.0,235.0,27.37321428571429,7.3,87.07142857142857
2019,Sabaragamuwa,Kegalle,7.275923,80.32176,172.0,5.0,114.0,27.53214285714286,2.271428571428572,81.42857142857143
2020,Western,Colombo,6.924429,79.90725,4.0,5.0,189.0,27.8625,9.482142857142858,85.96428571428571
2020,Western,Gampaha,7.0650263,79.96622,19.0,5.0,95.0,27.85178571428571,10.010714285714286,86.71428571428571
2020,Western,Kalutara,6.572935,80.02519,5.0,5.0,111.0,27.600000000000005,10.05714285714286,86.39285714285714
2020,Central,Kandy,7.275923,80.62659,499.0,5.0,230.0,24.8,8.478571428571428,85.28571428571429
2020,Central,Matale,7.4868193,80.52632,362.0,5.0,23.0,27.3,7.357142857142856,85.57142857142857
2020,Central,Nuwara Eliya,6.9947276,80.73418,1865.0,5.0,2.0,16.932142857142857,9.12142857142857,92.28571428571428
2020,Southern,Galle,6.0808434,80.23373,8.0,5.0,233.0,27.355357142857144,11.417857142857144,86.25
2020,Southern,Hambantota,5.940246,80.55,6.0,5.0,11.0,27.79464285714285,6.796428571428571,86.03571428571429
2020,Southern,Matara,6.1511426,81.127815,8.0,5.0,21.0,28.84464285714285,2.2964285714285717,79.92857142857143
2020,Northern,Jaffna,9.66608,80.034874,8.0,5.0,112.0,30.144642857142856,1.8357142857142856,78.42857142857143
2020,Northern,Kilinochchi,9.384886,80.38228,19.0,5.0,1.0,30.34821428571428,2.2285714285714286,75.10714285714286
2020,Northern,Mannar,8.963093,79.96543,5.0,5.0,1.0,30.23928571428572,1.8321428571428573,74.78571428571429
2020,Northern,Vavuniya,8.752197,80.53448,104.0,5.0,4.0,29.317857142857143,4.178571428571428,80.17857142857143
2020,Northern,Mulativu,9.244288,80.789246,5.0,5.0,1.0,30.058928571428574,1.907142857142857,77.82142857142857
2020,Eastern,Batticaloa,7.6977153,81.65106,10.0,5.0,84.0,29.378571428571437,3.8535714285714286,80.10714285714286
2020,Eastern,Ampara,7.275923,81.693474,38.0,5.0,17.0,29.435714285714283,5.610714285714288,80.35714285714286
2020,Eastern,Trincomalee,8.611599,81.170395,8.0,5.0,33.0,29.77321428571428,2.664285714285714,76.28571428571429
2020,North Western,Kurunegala,7.4868193,80.37352,129.0,5.0,18.0,26.8,7.357142857142856,85.5
2020,North Western,Puttalam,8.04921,79.84615,4.0,5.0,24.0,28.68392857142857,4.364285714285714,84.07142857142857
2020,North central,Anuradhapura,8.330404,80.42882,95.0,5.0,9.0,28.925000000000004,6.210714285714287,82.78571428571429
2020,North central,Polonnaruwa,7.908612,81.01536,56.0,5.0,7.0,29.917857142857144,3.642857142857143,75.03571428571429
2020,Uva,Badulla,6.9947276,81.03797,676.0,5.0,15.0,23.691071428571423,4.342857142857144,83.03571428571429
2020,Uva,Moneragala,6.8541303,81.35636,152.0,5.0,0.0,27.83392857142857,4.15,82.78571428571429
2020,Sabaragamuwa,Ratnapura,6.7135324,80.38688,73.0,5.0,223.0,27.325000000000003,13.242857142857144,89.14285714285714
2020,Sabaragamuwa,Kegalle,7.275923,80.32176,172.0,5.0,84.0,27.35178571428572,9.360714285714286,85.57142857142857
2021,Western,Colombo,6.924429,79.90725,4.0,5.0,588.0,27.276785714285715,14.660714285714286,86.46428571428571
2021,Western,Gampaha,7.0650263,79.96622,19.0,5.0,211.0,27.23392857142857,15.342857142857143,87.53571428571429
2021,Western,Kalutara,6.572935,80.02519,5.0,5.0,99.0,27.26607142857143,13.44285714285714,85.57142857142857
2021,Central,Kandy,7.275923,80.62659,499.0,5.0,53.0,23.998214285714283,7.625000000000001,86.0
2021,Central,Matale,7.4868193,80.52632,362.0,5.0,8.0,26.425,18.14285714285715,87.5
2021,Central,Nuwara Eliya,6.9947276,80.73418,1865.0,5.0,4.0,16.28035714285714,20.01428571428572,93.17857142857144
2021,Southern,Galle,6.0808434,80.23373,8.0,5.0,7.0,27.06428571428572,11.139285714285714,85.14285714285714
2021,Southern,Hambantota,5.940246,80.55,6.0,5.0,25.0,27.5,7.835714285714286,84.28571428571429
2021,Southern,Matara,6.1511426,81.127815,8.0,5.0,25.0,28.560714285714283,3.2178571428571425,78.42857142857143
2021,Northern,Jaffna,9.66608,80.034874,8.0,5.0,2.0,29.03035714285714,3.8,79.92857142857143
2021,Northern,Kilinochchi,9.384886,80.38228,19.0,5.0,1.0,29.071428571428577,2.425,77.89285714285714
2021,Northern,Mannar,8.963093,79.96543,5.0,5.0,1.0,29.121428571428567,2.5357142857142856,77.71428571428571
2021,Northern,Vavuniya,8.752197,80.53448,104.0,5.0,2.0,27.96428571428571,4.360714285714286,83.5
2021,Northern,Mulativu,9.244288,80.789246,5.0,5.0,0.0,29.051785714285717,2.5749999999999997,78.85714285714286
2021,Eastern,Batticaloa,7.6977153,81.65106,10.0,5.0,115.0,28.88214285714286,4.92857142857143,80.21428571428571
2021,Eastern,Ampara,7.275923,81.693474,38.0,5.0,43.0,28.66964285714285,4.389285714285714,80.67857142857143
2021,Eastern,Trincomalee,8.611599,81.170395,8.0,5.0,10.0,28.88214285714286,2.007142857142857,77.53571428571429
2021,North Western,Kurunegala,7.4868193,80.37352,129.0,5.0,74.0,25.925,18.14285714285715,87.42857142857143
2021,North Western,Puttalam,8.04921,79.84615,4.0,5.0,28.0,27.62678571428571,9.721428571428572,86.0
2021,North central,Anuradhapura,8.330404,80.42882,95.0,5.0,17.0,27.88392857142857,6.867857142857143,85.25
2021,North central,Polonnaruwa,7.908612,81.01536,56.0,5.0,4.0,28.85178571428572,4.828571428571429,79.07142857142857
2021,Uva,Badulla,6.9947276,81.03797,676.0,5.0,22.0,22.930357142857147,6.407142857142858,86.21428571428571
2021,Uva,Moneragala,6.8541303,81.35636,152.0,5.0,7.0,27.167857142857144,6.767857142857143,84.14285714285714
2021,Sabaragamuwa,Ratnapura,6.7135324,80.38688,73.0,5.0,40.0,27.08035714285714,20.221428571428568,88.03571428571429
2021,Sabaragamuwa,Kegalle,7.275923,80.32176,172.0,5.0,55.0,26.607142857142858,15.507142857142854,86.96428571428571
2019,Western,Colombo,6.924429,79.90725,4.0,6.0,1126.0,27.728571428571428,10.178571428571429,84.32142857142857
2019,Western,Gampaha,7.0650263,79.96622,19.0,6.0,890.0,27.535714285714285,10.22857142857143,85.75
2019,Western,Kalutara,6.572935,80.02519,5.0,6.0,749.0,27.6125,9.717857142857142,83.89285714285714
2019,Central,Kandy,7.275923,80.62659,499.0,6.0,289.0,25.1875,2.232142857142857,77.96428571428571
2019,Central,Matale,7.4868193,80.52632,362.0,6.0,54.0,27.249999999999996,3.625,82.78571428571429
2019,Central,Nuwara Eliya,6.9947276,80.73418,1865.0,6.0,22.0,16.355357142857144,4.775,92.32142857142856
2019,Southern,Galle,6.0808434,80.23373,8.0,6.0,1155.0,27.332142857142863,10.28571428571428,83.60714285714286
2019,Southern,Hambantota,5.940246,80.55,6.0,6.0,124.0,27.755357142857143,7.264285714285714,83.5
2019,Southern,Matara,6.1511426,81.127815,8.0,6.0,291.0,28.964285714285715,2.0142857142857147,76.28571428571429
2019,Northern,Jaffna,9.66608,80.034874,8.0,6.0,59.0,29.998214285714283,0.375,78.07142857142857
2019,Northern,Kilinochchi,9.384886,80.38228,19.0,6.0,9.0,31.23214285714285,0.1607142857142857,67.14285714285714
2019,Northern,Mannar,8.963093,79.96543,5.0,6.0,3.0,30.10892857142857,0.3142857142857142,74.85714285714286
2019,Northern,Vavuniya,8.752197,80.53448,104.0,6.0,11.0,30.632142857142853,0.4357142857142856,68.42857142857143
2019,Northern,Mulativu,9.244288,80.789246,5.0,6.0,1.0,31.73392857142857,0.3464285714285713,64.42857142857143
2019,Eastern,Batticaloa,7.6977153,81.65106,10.0,6.0,74.0,31.12142857142857,1.3392857142857142,68.14285714285714
2019,Eastern,Ampara,7.275923,81.693474,38.0,6.0,72.0,31.714285714285715,1.892857142857143,62.892857142857146
2019,Eastern,Trincomalee,8.611599,81.170395,8.0,6.0,97.0,31.455357142857142,0.5464285714285714,63.85714285714285
2019,North Western,Kurunegala,7.4868193,80.37352,129.0,6.0,134.0,26.749999999999996,3.625,82.75
2019,North Western,Puttalam,8.04921,79.84615,4.0,6.0,92.0,28.6125,3.010714285714286,80.60714285714286
2019,North central,Anuradhapura,8.330404,80.42882,95.0,6.0,62.0,29.769642857142856,0.575,73.35714285714286
2019,North central,Polonnaruwa,7.908612,81.01536,56.0,6.0,40.0,31.53214285714285,0.4035714285714286,61.82142857142857
2019,Uva,Badulla,6.9947276,81.03797,676.0,6.0,88.0,25.214285714285715,2.025,67.85714285714286
2019,Uva,Moneragala,6.8541303,81.35636,152.0,6.0,59.0,30.34285714285713,1.55,65.17857142857143
2019,Sabaragamuwa,Ratnapura,6.7135324,80.38688,73.0,6.0,347.0,27.07678571428572,13.160714285714286,88.75
2019,Sabaragamuwa,Kegalle,7.275923,80.32176,172.0,6.0,171.0,26.908928571428568,7.34642857142857,84.78571428571429
2020,Western,Colombo,6.924429,79.90725,4.0,6.0,294.0,27.51428571428572,8.910714285714286,85.28571428571429
2020,Western,Gampaha,7.0650263,79.96622,19.0,6.0,188.0,27.391071428571426,9.478571428571428,86.17857142857143
2020,Western,Kalutara,6.572935,80.02519,5.0,6.0,250.0,27.360714285714288,8.292857142857143,84.57142857142857
2020,Central,Kandy,7.275923,80.62659,499.0,6.0,449.0,24.2375,2.139285714285714,79.96428571428571
2020,Central,Matale,7.4868193,80.52632,362.0,6.0,25.0,26.90714285714286,4.814285714285714,83.42857142857143
2020,Central,Nuwara Eliya,6.9947276,80.73418,1865.0,6.0,11.0,15.832142857142856,3.725,90.0
2020,Southern,Galle,6.0808434,80.23373,8.0,6.0,149.0,27.21071428571429,7.44642857142857,84.35714285714286
2020,Southern,Hambantota,5.940246,80.55,6.0,6.0,15.0,27.56428571428572,3.375,84.60714285714286
2020,Southern,Matara,6.1511426,81.127815,8.0,6.0,27.0,29.43928571428571,0.8142857142857144,73.14285714285714
2020,Northern,Jaffna,9.66608,80.034874,8.0,6.0,58.0,29.700000000000003,1.307142857142857,77.75
2020,Northern,Kilinochchi,9.384886,80.38228,19.0,6.0,11.0,30.40535714285714,0.9821428571428572,69.17857142857143
2020,Northern,Mannar,8.963093,79.96543,5.0,6.0,3.0,29.885714285714293,1.2964285714285717,74.64285714285714
2020,Northern,Vavuniya,8.752197,80.53448,104.0,6.0,4.0,29.68035714285714,1.967857142857143,73.14285714285714
2020,Northern,Mulativu,9.244288,80.789246,5.0,6.0,2.0,30.84107142857143,1.2035714285714287,68.10714285714286
2020,Eastern,Batticaloa,7.6977153,81.65106,10.0,6.0,69.0,30.44821428571429,2.057142857142857,70.82142857142857
2020,Eastern,Ampara,7.275923,81.693474,38.0,6.0,27.0,30.43571428571429,2.1821428571428574,70.92857142857143
2020,Eastern,Trincomalee,8.611599,81.170395,8.0,6.0,13.0,30.442857142857143,1.767857142857143,68.35714285714286
2020,North Western,Kurunegala,7.4868193,80.37352,129.0,6.0,62.0,26.40714285714286,4.814285714285714,83.35714285714286
2020,North Western,Puttalam,8.04921,79.84615,4.0,6.0,21.0,28.22142857142857,4.171428571428571,82.75
2020,North central,Anuradhapura,8.330404,80.42882,95.0,6.0,26.0,28.70714285714286,3.1357142857142857,78.60714285714286
2020,North central,Polonnaruwa,7.908612,81.01536,56.0,6.0,20.0,30.85535714285714,0.9035714285714286,63.82142857142857
2020,Uva,Badulla,6.9947276,81.03797,676.0,6.0,30.0,24.128571428571423,2.0071428571428576,72.03571428571429
2020,Uva,Moneragala,6.8541303,81.35636,152.0,6.0,0.0,29.558928571428574,1.35,66.53571428571429
2020,Sabaragamuwa,Ratnapura,6.7135324,80.38688,73.0,6.0,398.0,26.98214285714286,11.675,87.21428571428571
2020,Sabaragamuwa,Kegalle,7.275923,80.32176,172.0,6.0,100.0,26.767857142857142,7.45357142857143,84.07142857142857
2021,Western,Colombo,6.924429,79.90725,4.0,6.0,1235.0,26.98214285714285,8.639285714285718,85.03571428571429
2021,Western,Gampaha,7.0650263,79.96622,19.0,6.0,491.0,26.758928571428577,8.614285714285712,86.64285714285714
2021,Western,Kalutara,6.572935,80.02519,5.0,6.0,192.0,26.98571428571428,8.278571428571428,84.17857142857143
2021,Central,Kandy,7.275923,80.62659,499.0,6.0,110.0,23.205357142857142,4.135714285714285,85.10714285714286
2021,Central,Matale,7.4868193,80.52632,362.0,6.0,22.0,26.075000000000003,5.364285714285714,86.25
2021,Central,Nuwara Eliya,6.9947276,80.73418,1865.0,6.0,6.0,15.482142857142856,7.6571428571428575,92.32142857142856
2021,Southern,Galle,6.0808434,80.23373,8.0,6.0,100.0,26.801785714285717,7.985714285714287,83.78571428571429
2021,Southern,Hambantota,5.940246,80.55,6.0,6.0,68.0,27.20714285714286,5.057142857142856,84.21428571428571
2021,Southern,Matara,6.1511426,81.127815,8.0,6.0,158.0,29.073214285714293,0.985714285714286,72.32142857142857
2021,Northern,Jaffna,9.66608,80.034874,8.0,6.0,3.0,29.06964285714286,2.6071428571428568,79.07142857142857
2021,Northern,Kilinochchi,9.384886,80.38228,19.0,6.0,0.0,29.819642857142856,1.0714285714285714,71.32142857142857
2021,Northern,Mannar,8.963093,79.96543,5.0,6.0,1.0,29.25892857142857,1.2714285714285716,75.75
2021,Northern,Vavuniya,8.752197,80.53448,104.0,6.0,1.0,29.11428571428572,2.210714285714286,73.67857142857143
2021,Northern,Mulativu,9.244288,80.789246,5.0,6.0,0.0,30.153571428571425,1.7678571428571428,70.39285714285714
2021,Eastern,Batticaloa,7.6977153,81.65106,10.0,6.0,48.0,30.0375,3.528571428571429,70.03571428571429
2021,Eastern,Ampara,7.275923,81.693474,38.0,6.0,33.0,29.644642857142856,2.0250000000000004,71.64285714285714
2021,Eastern,Trincomalee,8.611599,81.170395,8.0,6.0,12.0,29.980357142857144,2.2857142857142856,68.64285714285714
2021,North Western,Kurunegala,7.4868193,80.37352,129.0,6.0,179.0,25.575,5.364285714285714,86.21428571428571
2021,North Western,Puttalam,8.04921,79.84615,4.0,6.0,34.0,27.70357142857143,3.532142857142858,83.25
2021,North central,Anuradhapura,8.330404,80.42882,95.0,6.0,78.0,28.14821428571429,2.107142857142857,79.53571428571429
2021,North central,Polonnaruwa,7.908612,81.01536,56.0,6.0,12.0,29.79821428571428,0.6571428571428571,67.39285714285714
2021,Uva,Badulla,6.9947276,81.03797,676.0,6.0,67.0,22.62857142857143,5.760714285714286,77.35714285714286
2021,Uva,Moneragala,6.8541303,81.35636,152.0,6.0,24.0,28.623214285714287,1.557142857142857,69.17857142857143
2021,Sabaragamuwa,Ratnapura,6.7135324,80.38688,73.0,6.0,65.0,26.416071428571424,12.467857142857143,88.39285714285714
2021,Sabaragamuwa,Kegalle,7.275923,80.32176,172.0,6.0,58.0,26.04642857142857,8.046428571428569,86.42857142857143
2019,Western,Colombo,6.924429,79.90725,4.0,7.0,1857.0,27.321428571428573,6.05,83.5
2019,Western,Gampaha,7.0650263,79.96622,19.0,7.0,1760.0,27.17678571428572,6.217857142857143,84.53571428571429
2019,Western,Kalutara,6.572935,80.02519,5.0,7.0,1136.0,27.166071428571435,6.464285714285713,83.75
2019,Central,Kandy,7.275923,80.62659,499.0,7.0,515.0,24.558928571428574,2.2107142857142854,77.14285714285714
2019,Central,Matale,7.4868193,80.52632,362.0,7.0,60.0,26.95892857142857,3.842857142857143,80.57142857142857
2019,Central,Nuwara Eliya,6.9947276,80.73418,1865.0,7.0,33.0,15.621428571428574,5.517857142857143,89.89285714285714
2019,Southern,Galle,6.0808434,80.23373,8.0,7.0,1055.0,26.916071428571428,7.592857142857142,84.25
2019,Southern,Hambantota,5.940246,80.55,6.0,7.0,272.0,27.4,3.967857142857142,83.85714285714286
2019,Southern,Matara,6.1511426,81.127815,8.0,7.0,583.0,28.708928571428565,1.4642857142857142,75.39285714285714
2019,Northern,Jaffna,9.66608,80.034874,8.0,7.0,90.0,29.18392857142857,1.2071428571428573,78.57142857142857
2019,Northern,Kilinochchi,9.384886,80.38228,19.0,7.0,11.0,30.471428571428568,0.4857142857142856,67.28571428571429
2019,Northern,Mannar,8.963093,79.96543,5.0,7.0,1.0,29.46071428571429,0.4571428571428571,74.67857142857143
2019,Northern,Vavuniya,8.752197,80.53448,104.0,7.0,17.0,30.10714285714286,0.7107142857142856,68.42857142857143
2019,Northern,Mulativu,9.244288,80.789246,5.0,7.0,10.0,30.882142857142856,0.7357142857142858,66.39285714285714
2019,Eastern,Batticaloa,7.6977153,81.65106,10.0,7.0,84.0,30.444642857142856,1.1678571428571427,68.28571428571429
2019,Eastern,Ampara,7.275923,81.693474,38.0,7.0,55.0,31.458928571428576,1.5357142857142858,62.035714285714285
2019,Eastern,Trincomalee,8.611599,81.170395,8.0,7.0,105.0,30.694642857142853,1.332142857142857,65.5
2019,North Western,Kurunegala,7.4868193,80.37352,129.0,7.0,259.0,26.45892857142857,3.842857142857143,80.5
2019,North Western,Puttalam,8.04921,79.84615,4.0,7.0,137.0,28.332142857142863,1.6821428571428572,79.17857142857143
2019,North central,Anuradhapura,8.330404,80.42882,95.0,7.0,78.0,29.6625,1.0678571428571433,72.03571428571429
2019,North central,Polonnaruwa,7.908612,81.01536,56.0,7.0,49.0,31.15714285714286,0.4214285714285714,60.35714285714285
2019,Uva,Badulla,6.9947276,81.03797,676.0,7.0,113.0,24.748214285714283,1.3571428571428574,66.0
2019,Uva,Moneragala,6.8541303,81.35636,152.0,7.0,48.0,29.901785714285708,0.4571428571428572,64.53571428571429
2019,Sabaragamuwa,Ratnapura,6.7135324,80.38688,73.0,7.0,354.0,26.66964285714286,10.553571428571429,87.14285714285714
2019,Sabaragamuwa,Kegalle,7.275923,80.32176,172.0,7.0,215.0,26.691071428571423,6.439285714285712,82.75
2020,Western,Colombo,6.924429,79.90725,4.0,7.0,324.0,26.92857142857143,7.796428571428572,86.60714285714286
2020,Western,Gampaha,7.0650263,79.96622,19.0,7.0,175.0,26.808928571428574,8.089285714285714,87.42857142857143
2020,Western,Kalutara,6.572935,80.02519,5.0,7.0,177.0,26.864285714285717,8.14285714285714,85.92857142857143
2020,Central,Kandy,7.275923,80.62659,499.0,7.0,595.0,24.25,3.839285714285714,78.57142857142857
2020,Central,Matale,7.4868193,80.52632,362.0,7.0,36.0,26.45535714285714,3.8964285714285727,83.17857142857143
2020,Central,Nuwara Eliya,6.9947276,80.73418,1865.0,7.0,14.0,15.583928571428572,6.014285714285715,91.57142857142856
2020,Southern,Galle,6.0808434,80.23373,8.0,7.0,101.0,26.61785714285714,9.410714285714286,85.5
2020,Southern,Hambantota,5.940246,80.55,6.0,7.0,24.0,26.966071428571425,7.6,85.89285714285714
2020,Southern,Matara,6.1511426,81.127815,8.0,7.0,39.0,28.453571428571426,3.146428571428572,76.57142857142857
2020,Northern,Jaffna,9.66608,80.034874,8.0,7.0,51.0,28.725,1.775,80.46428571428571
2020,Northern,Kilinochchi,9.384886,80.38228,19.0,7.0,6.0,29.621428571428574,2.164285714285715,71.71428571428571
2020,Northern,Mannar,8.963093,79.96543,5.0,7.0,8.0,29.15714285714286,0.9535714285714288,76.0
2020,Northern,Vavuniya,8.752197,80.53448,104.0,7.0,7.0,28.978571428571435,3.857142857142857,76.03571428571429
2020,Northern,Mulativu,9.244288,80.789246,5.0,7.0,2.0,29.723214285714285,2.832142857142857,73.64285714285714
2020,Eastern,Batticaloa,7.6977153,81.65106,10.0,7.0,78.0,29.43928571428572,2.778571428571428,75.82142857142857
2020,Eastern,Ampara,7.275923,81.693474,38.0,7.0,17.0,29.621428571428567,2.521428571428572,72.57142857142857
2020,Eastern,Trincomalee,8.611599,81.170395,8.0,7.0,17.0,29.65,2.2892857142857137,72.25
2020,North Western,Kurunegala,7.4868193,80.37352,129.0,7.0,57.0,25.95535714285714,3.8964285714285727,83.17857142857143
2020,North Western,Puttalam,8.04921,79.84615,4.0,7.0,24.0,27.85,2.392857142857143,83.35714285714286
2020,North central,Anuradhapura,8.330404,80.42882,95.0,7.0,19.0,28.57321428571429,3.957142857142858,78.35714285714286
2020,North central,Polonnaruwa,7.908612,81.01536,56.0,7.0,10.0,29.86785714285714,3.1178571428571424,68.21428571428571
2020,Uva,Badulla,6.9947276,81.03797,676.0,7.0,23.0,23.51071428571429,5.139285714285713,76.82142857142857
2020,Uva,Moneragala,6.8541303,81.35636,152.0,7.0,0.0,28.40535714285714,3.4357142857142846,72.39285714285714
2020,Sabaragamuwa,Ratnapura,6.7135324,80.38688,73.0,7.0,381.0,26.55,12.003571428571425,87.53571428571429
2020,Sabaragamuwa,Kegalle,7.275923,80.32176,172.0,7.0,102.0,26.32678571428572,6.246428571428571,84.0
2021,Western,Colombo,6.924429,79.90725,4.0,7.0,1286.0,26.925,9.696428571428571,85.42857142857143
2021,Western,Gampaha,7.0650263,79.96622,19.0,7.0,642.0,26.857142857142858,9.589285714285715,86.07142857142857
2021,Western,Kalutara,6.572935,80.02519,5.0,7.0,304.0,26.8625,9.814285714285711,84.57142857142857
2021,Central,Kandy,7.275923,80.62659,499.0,7.0,159.0,23.466071428571425,4.171428571428571,84.89285714285714
2021,Central,Matale,7.4868193,80.52632,362.0,7.0,51.0,26.20535714285715,5.975000000000001,85.5
2021,Central,Nuwara Eliya,6.9947276,80.73418,1865.0,7.0,5.0,15.492857142857144,10.985714285714293,94.32142857142856
2021,Southern,Galle,6.0808434,80.23373,8.0,7.0,56.0,26.558928571428574,12.517857142857142,85.10714285714286
2021,Southern,Hambantota,5.940246,80.55,6.0,7.0,51.0,26.894642857142856,6.457142857142856,85.5
2021,Southern,Matara,6.1511426,81.127815,8.0,7.0,103.0,28.705357142857142,1.4750000000000003,74.71428571428571
2021,Northern,Jaffna,9.66608,80.034874,8.0,7.0,3.0,28.767857142857142,1.985714285714285,79.42857142857143
2021,Northern,Kilinochchi,9.384886,80.38228,19.0,7.0,1.0,29.84642857142857,0.5392857142857144,69.53571428571429
2021,Northern,Mannar,8.963093,79.96543,5.0,7.0,1.0,29.258928571428573,0.532142857142857,75.10714285714286
2021,Northern,Vavuniya,8.752197,80.53448,104.0,7.0,4.0,29.194642857142853,2.321428571428572,73.71428571428571
2021,Northern,Mulativu,9.244288,80.789246,5.0,7.0,0.0,30.08750000000001,1.5535714285714288,70.25
2021,Eastern,Batticaloa,7.6977153,81.65106,10.0,7.0,21.0,30.07678571428572,2.932142857142857,68.85714285714286
2021,Eastern,Ampara,7.275923,81.693474,38.0,7.0,12.0,30.142857142857142,3.146428571428572,68.25
2021,Eastern,Trincomalee,8.611599,81.170395,8.0,7.0,2.0,29.73214285714285,2.667857142857143,69.75
2021,North Western,Kurunegala,7.4868193,80.37352,129.0,7.0,222.0,25.70535714285715,5.975000000000001,85.42857142857143
2021,North Western,Puttalam,8.04921,79.84615,4.0,7.0,41.0,27.53928571428571,2.632142857142857,83.53571428571429
2021,North central,Anuradhapura,8.330404,80.42882,95.0,7.0,46.0,28.583928571428565,2.010714285714285,77.35714285714286
2021,North central,Polonnaruwa,7.908612,81.01536,56.0,7.0,21.0,30.2125,1.5250000000000004,65.64285714285714
2021,Uva,Badulla,6.9947276,81.03797,676.0,7.0,52.0,23.1875,3.4392857142857136,77.75
2021,Uva,Moneragala,6.8541303,81.35636,152.0,7.0,43.0,29.098214285714285,2.357142857142857,68.60714285714286
2021,Sabaragamuwa,Ratnapura,6.7135324,80.38688,73.0,7.0,93.0,26.54642857142857,14.21785714285714,88.39285714285714
2021,Sabaragamuwa,Kegalle,7.275923,80.32176,172.0,7.0,73.0,26.24821428571429,9.360714285714286,85.71428571428571
2019,Western,Colombo,6.924429,79.90725,4.0,8.0,1903.0,26.65,12.95,87.07142857142857
2019,Western,Gampaha,7.0650263,79.96622,19.0,8.0,2059.0,26.432142857142857,15.339285714285712,88.28571428571429
2019,Western,Kalutara,6.572935,80.02519,5.0,8.0,1095.0,26.53214285714286,13.578571428571433,86.92857142857143
2019,Central,Kandy,7.275923,80.62659,499.0,8.0,677.0,23.373214285714283,4.428571428571429,83.75
2019,Central,Matale,7.4868193,80.52632,362.0,8.0,73.0,25.77857142857143,8.110714285714286,86.82142857142857
2019,Central,Nuwara Eliya,6.9947276,80.73418,1865.0,8.0,31.0,15.225,8.1,93.85714285714286
2019,Southern,Galle,6.0808434,80.23373,8.0,8.0,956.0,26.31428571428572,15.382142857142862,86.75
2019,Southern,Hambantota,5.940246,80.55,6.0,8.0,271.0,26.892857142857142,10.135714285714286,85.28571428571429
2019,Southern,Matara,6.1511426,81.127815,8.0,8.0,717.0,27.73571428571428,3.553571428571428,80.14285714285714
2019,Northern,Jaffna,9.66608,80.034874,8.0,8.0,110.0,28.53214285714286,2.7607142857142857,80.32142857142857
2019,Northern,Kilinochchi,9.384886,80.38228,19.0,8.0,5.0,29.526785714285715,0.8928571428571427,71.42857142857143
2019,Northern,Mannar,8.963093,79.96543,5.0,8.0,2.0,28.90892857142857,1.1821428571428572,76.5
2019,Northern,Vavuniya,8.752197,80.53448,104.0,8.0,15.0,28.90357142857143,2.503571428571429,74.25
2019,Northern,Mulativu,9.244288,80.789246,5.0,8.0,7.0,30.351785714285707,1.5821428571428573,68.17857142857143
2019,Eastern,Batticaloa,7.6977153,81.65106,10.0,8.0,96.0,30.225,3.0357142857142856,69.75
2019,Eastern,Ampara,7.275923,81.693474,38.0,8.0,66.0,30.62857142857143,2.2642857142857142,66.5
2019,Eastern,Trincomalee,8.611599,81.170395,8.0,8.0,52.0,29.685714285714283,2.185714285714286,69.82142857142857
2019,North Western,Kurunegala,7.4868193,80.37352,129.0,8.0,263.0,25.27857142857143,8.110714285714286,86.71428571428571
2019,North Western,Puttalam,8.04921,79.84615,4.0,8.0,150.0,27.466071428571432,6.5321428571428575,83.17857142857143
2019,North central,Anuradhapura,8.330404,80.42882,95.0,8.0,103.0,28.40892857142857,3.3,77.42857142857143
2019,North central,Polonnaruwa,7.908612,81.01536,56.0,8.0,43.0,30.082142857142863,0.6107142857142858,64.67857142857143
2019,Uva,Badulla,6.9947276,81.03797,676.0,8.0,144.0,24.267857142857142,3.4821428571428568,71.92857142857143
2019,Uva,Moneragala,6.8541303,81.35636,152.0,8.0,11.0,28.53035714285713,1.3214285714285714,70.96428571428571
2019,Sabaragamuwa,Ratnapura,6.7135324,80.38688,73.0,8.0,439.0,26.096428571428568,20.432142857142857,90.0
2019,Sabaragamuwa,Kegalle,7.275923,80.32176,172.0,8.0,258.0,25.70892857142857,13.93214285714286,87.75
2020,Western,Colombo,6.924429,79.90725,4.0,8.0,231.0,26.94464285714286,6.785714285714284,86.35714285714286
2020,Western,Gampaha,7.0650263,79.96622,19.0,8.0,216.0,26.830357142857142,6.935714285714286,86.60714285714286
2020,Western,Kalutara,6.572935,80.02519,5.0,8.0,101.0,26.88928571428572,5.099999999999999,85.21428571428571
2020,Central,Kandy,7.275923,80.62659,499.0,8.0,406.0,23.307142857142853,4.189285714285714,82.67857142857143
2020,Central,Matale,7.4868193,80.52632,362.0,8.0,19.0,26.341071428571425,5.092857142857143,83.03571428571429
2020,Central,Nuwara Eliya,6.9947276,80.73418,1865.0,8.0,9.0,15.285714285714288,8.125000000000002,90.0
2020,Southern,Galle,6.0808434,80.23373,8.0,8.0,60.0,26.70357142857143,6.34642857142857,85.0
2020,Southern,Hambantota,5.940246,80.55,6.0,8.0,17.0,26.992857142857144,3.239285714285714,85.67857142857143
2020,Southern,Matara,6.1511426,81.127815,8.0,8.0,17.0,28.423214285714284,1.6821428571428567,75.92857142857143
2020,Northern,Jaffna,9.66608,80.034874,8.0,8.0,26.0,28.43214285714286,1.1285714285714286,81.82142857142857
2020,Northern,Kilinochchi,9.384886,80.38228,19.0,8.0,3.0,29.96071428571428,0.3821428571428572,68.71428571428571
2020,Northern,Mannar,8.963093,79.96543,5.0,8.0,3.0,28.85,0.3571428571428571,77.14285714285714
2020,Northern,Vavuniya,8.752197,80.53448,104.0,8.0,2.0,29.20178571428572,0.7999999999999999,71.96428571428571
2020,Northern,Mulativu,9.244288,80.789246,5.0,8.0,3.0,30.183928571428574,1.275,70.03571428571429
2020,Eastern,Batticaloa,7.6977153,81.65106,10.0,8.0,40.0,30.2875,0.4107142857142857,66.35714285714286
2020,Eastern,Ampara,7.275923,81.693474,38.0,8.0,25.0,30.82857142857143,0.5999999999999999,64.64285714285714
2020,Eastern,Trincomalee,8.611599,81.170395,8.0,8.0,5.0,30.17142857142857,0.6357142857142858,67.32142857142857
2020,North Western,Kurunegala,7.4868193,80.37352,129.0,8.0,69.0,25.841071428571425,5.092857142857143,83.03571428571429
2020,North Western,Puttalam,8.04921,79.84615,4.0,8.0,35.0,27.525,2.6892857142857145,83.78571428571429
2020,North central,Anuradhapura,8.330404,80.42882,95.0,8.0,9.0,28.39107142857143,0.9928571428571432,76.96428571428571
2020,North central,Polonnaruwa,7.908612,81.01536,56.0,8.0,4.0,30.45535714285714,0.3892857142857143,62.25
2020,Uva,Badulla,6.9947276,81.03797,676.0,8.0,21.0,24.246428571428574,1.6285714285714283,68.57142857142857
2020,Uva,Moneragala,6.8541303,81.35636,152.0,8.0,0.0,29.30535714285714,0.3428571428571428,65.53571428571429
2020,Sabaragamuwa,Ratnapura,6.7135324,80.38688,73.0,8.0,174.0,26.528571428571432,10.585714285714284,86.39285714285714
2020,Sabaragamuwa,Kegalle,7.275923,80.32176,172.0,8.0,64.0,26.46071428571428,8.72142857142857,82.92857142857143
2021,Western,Colombo,6.924429,79.90725,4.0,8.0,455.0,26.59464285714286,9.160714285714286,85.96428571428571
2021,Western,Gampaha,7.0650263,79.96622,19.0,8.0,181.0,26.4875,8.792857142857144,86.82142857142857
2021,Western,Kalutara,6.572935,80.02519,5.0,8.0,131.0,26.48392857142857,8.62857142857143,85.57142857142857
2021,Central,Kandy,7.275923,80.62659,499.0,8.0,86.0,23.139285714285712,2.9428571428571426,84.14285714285714
2021,Central,Matale,7.4868193,80.52632,362.0,8.0,37.0,25.78214285714286,5.389285714285714,86.0
2021,Central,Nuwara Eliya,6.9947276,80.73418,1865.0,8.0,8.0,15.216071428571428,5.821428571428572,93.82142857142856
2021,Southern,Galle,6.0808434,80.23373,8.0,8.0,31.0,26.18928571428572,9.346428571428572,85.71428571428571
2021,Southern,Hambantota,5.940246,80.55,6.0,8.0,24.0,26.548214285714288,5.242857142857142,85.57142857142857
2021,Southern,Matara,6.1511426,81.127815,8.0,8.0,55.0,28.4875,1.5107142857142857,73.82142857142857
2021,Northern,Jaffna,9.66608,80.034874,8.0,8.0,1.0,28.60714285714285,1.4571428571428569,79.89285714285714
2021,Northern,Kilinochchi,9.384886,80.38228,19.0,8.0,1.0,29.66428571428571,1.167857142857143,69.57142857142857
2021,Northern,Mannar,8.963093,79.96543,5.0,8.0,1.0,28.88928571428572,0.8214285714285715,76.07142857142857
2021,Northern,Vavuniya,8.752197,80.53448,104.0,8.0,2.0,29.23392857142857,2.1321428571428576,71.60714285714286
2021,Northern,Mulativu,9.244288,80.789246,5.0,8.0,0.0,29.887500000000003,2.010714285714286,70.35714285714286
2021,Eastern,Batticaloa,7.6977153,81.65106,10.0,8.0,7.0,29.635714285714293,3.221428571428572,72.5
2021,Eastern,Ampara,7.275923,81.693474,38.0,8.0,2.0,29.83392857142857,2.967857142857143,71.17857142857143
2021,Eastern,Trincomalee,8.611599,81.170395,8.0,8.0,4.0,29.748214285714287,2.242857142857143,69.78571428571429
2021,North Western,Kurunegala,7.4868193,80.37352,129.0,8.0,93.0,25.28214285714286,5.389285714285714,85.89285714285714
2021,North Western,Puttalam,8.04921,79.84615,4.0,8.0,25.0,27.52321428571429,1.625,82.25
2021,North central,Anuradhapura,8.330404,80.42882,95.0,8.0,24.0,28.61785714285714,1.471428571428571,75.46428571428571
2021,North central,Polonnaruwa,7.908612,81.01536,56.0,8.0,9.0,29.99285714285714,1.292857142857143,64.96428571428571
2021,Uva,Badulla,6.9947276,81.03797,676.0,8.0,20.0,23.19107142857143,6.335714285714287,76.67857142857143
2021,Uva,Moneragala,6.8541303,81.35636,152.0,8.0,8.0,29.25892857142857,2.753571428571429,67.14285714285714
2021,Sabaragamuwa,Ratnapura,6.7135324,80.38688,73.0,8.0,57.0,26.08749999999999,16.150000000000002,88.85714285714286
2021,Sabaragamuwa,Kegalle,7.275923,80.32176,172.0,8.0,26.0,25.75,9.30357142857143,86.39285714285714
2019,Western,Colombo,6.924429,79.90725,4.0,9.0,1462.0,26.355357142857144,12.203571428571433,88.35714285714286
2019,Western,Gampaha,7.0650263,79.96622,19.0,9.0,1515.0,26.312500000000007,12.421428571428573,89.07142857142857
2019,Western,Kalutara,6.572935,80.02519,5.0,9.0,737.0,26.278571428571425,11.871428571428572,87.89285714285714
2019,Central,Kandy,7.275923,80.62659,499.0,9.0,784.0,23.77142857142857,2.771428571428572,81.57142857142857
2019,Central,Matale,7.4868193,80.52632,362.0,9.0,62.0,25.85535714285714,5.971428571428571,85.85714285714286
2019,Central,Nuwara Eliya,6.9947276,80.73418,1865.0,9.0,32.0,15.521428571428574,7.710714285714286,93.53571428571428
2019,Southern,Galle,6.0808434,80.23373,8.0,9.0,470.0,26.026785714285715,13.778571428571428,87.82142857142857
2019,Southern,Hambantota,5.940246,80.55,6.0,9.0,199.0,26.56428571428572,11.307142857142855,86.0
2019,Southern,Matara,6.1511426,81.127815,8.0,9.0,383.0,27.205357142857142,5.046428571428571,82.64285714285714
2019,Northern,Jaffna,9.66608,80.034874,8.0,9.0,154.0,28.03928571428571,4.089285714285714,81.57142857142857
2019,Northern,Kilinochchi,9.384886,80.38228,19.0,9.0,13.0,29.382142857142853,1.8142857142857145,71.78571428571429
2019,Northern,Mannar,8.963093,79.96543,5.0,9.0,1.0,28.59285714285715,1.5571428571428574,76.96428571428571
2019,Northern,Vavuniya,8.752197,80.53448,104.0,9.0,28.0,28.667857142857144,2.517857142857143,75.10714285714286
2019,Northern,Mulativu,9.244288,80.789246,5.0,9.0,1.0,29.6125,4.717857142857143,73.82142857142857
2019,Eastern,Batticaloa,7.6977153,81.65106,10.0,9.0,66.0,28.52857142857143,5.185714285714285,80.0
2019,Eastern,Ampara,7.275923,81.693474,38.0,9.0,53.0,29.46785714285714,7.628571428571429,74.46428571428571
2019,Eastern,Trincomalee,8.611599,81.170395,8.0,9.0,45.0,29.217857142857145,5.203571428571429,74.60714285714286
2019,North Western,Kurunegala,7.4868193,80.37352,129.0,9.0,195.0,25.35535714285714,5.971428571428571,85.82142857142857
2019,North Western,Puttalam,8.04921,79.84615,4.0,9.0,159.0,27.12678571428572,4.942857142857143,85.03571428571429
2019,North central,Anuradhapura,8.330404,80.42882,95.0,9.0,54.0,28.251785714285717,3.8214285714285703,78.32142857142857
2019,North central,Polonnaruwa,7.908612,81.01536,56.0,9.0,36.0,29.95892857142857,4.078571428571429,67.25
2019,Uva,Badulla,6.9947276,81.03797,676.0,9.0,126.0,23.237500000000004,8.04642857142857,79.21428571428571
2019,Uva,Moneragala,6.8541303,81.35636,152.0,9.0,0.0,27.95714285714286,4.7821428571428575,75.82142857142857
2019,Sabaragamuwa,Ratnapura,6.7135324,80.38688,73.0,9.0,415.0,26.16428571428572,14.35,89.64285714285714
2019,Sabaragamuwa,Kegalle,7.275923,80.32176,172.0,9.0,317.0,25.77321428571428,7.489285714285715,86.32142857142857
2020,Western,Colombo,6.924429,79.90725,4.0,9.0,192.0,26.276785714285708,12.589285714285712,87.96428571428571
2020,Western,Gampaha,7.0650263,79.96622,19.0,9.0,171.0,26.14642857142857,14.424999999999995,89.25
2020,Western,Kalutara,6.572935,80.02519,5.0,9.0,82.0,26.28214285714286,11.432142857142855,87.28571428571429
2020,Central,Kandy,7.275923,80.62659,499.0,9.0,275.0,22.989285714285707,5.660714285714287,85.96428571428571
2020,Central,Matale,7.4868193,80.52632,362.0,9.0,15.0,25.560714285714283,10.03214285714286,88.57142857142857
2020,Central,Nuwara Eliya,6.9947276,80.73418,1865.0,9.0,8.0,15.08035714285714,10.83571428571428,94.35714285714286
2020,Southern,Galle,6.0808434,80.23373,8.0,9.0,67.0,26.1375,11.14285714285714,87.07142857142857
2020,Southern,Hambantota,5.940246,80.55,6.0,9.0,12.0,26.558928571428567,6.889285714285714,86.42857142857143
2020,Southern,Matara,6.1511426,81.127815,8.0,9.0,15.0,28.023214285714285,1.953571428571429,77.28571428571429
2020,Northern,Jaffna,9.66608,80.034874,8.0,9.0,55.0,28.144642857142856,2.8571428571428577,81.21428571428571
2020,Northern,Kilinochchi,9.384886,80.38228,19.0,9.0,1.0,29.316071428571423,2.071428571428572,72.03571428571429
2020,Northern,Mannar,8.963093,79.96543,5.0,9.0,1.0,28.507142857142853,1.3642857142857143,77.67857142857143
2020,Northern,Vavuniya,8.752197,80.53448,104.0,9.0,1.0,28.33571428571428,3.342857142857143,76.28571428571429
2020,Northern,Mulativu,9.244288,80.789246,5.0,9.0,1.0,29.567857142857143,2.9607142857142854,72.64285714285714
2020,Eastern,Batticaloa,7.6977153,81.65106,10.0,9.0,48.0,28.72142857142857,7.1571428571428575,77.92857142857143
2020,Eastern,Ampara,7.275923,81.693474,38.0,9.0,43.0,29.65535714285714,3.528571428571429,72.21428571428571
2020,Eastern,Trincomalee,8.611599,81.170395,8.0,9.0,3.0,29.137500000000003,3.4178571428571423,73.5
2020,North Western,Kurunegala,7.4868193,80.37352,129.0,9.0,30.0,25.060714285714283,10.03214285714286,88.57142857142857
2020,North Western,Puttalam,8.04921,79.84615,4.0,9.0,10.0,26.976785714285715,6.389285714285713,85.39285714285714
2020,North central,Anuradhapura,8.330404,80.42882,95.0,9.0,12.0,27.596428571428568,4.564285714285715,81.17857142857143
2020,North central,Polonnaruwa,7.908612,81.01536,56.0,9.0,7.0,29.35535714285714,1.5357142857142865,69.14285714285714
2020,Uva,Badulla,6.9947276,81.03797,676.0,9.0,14.0,23.123214285714283,5.753571428571428,78.89285714285714
2020,Uva,Moneragala,6.8541303,81.35636,152.0,9.0,0.0,28.52142857142857,3.15,71.14285714285714
2020,Sabaragamuwa,Ratnapura,6.7135324,80.38688,73.0,9.0,90.0,25.97321428571429,17.54642857142857,90.28571428571428
2020,Sabaragamuwa,Kegalle,7.275923,80.32176,172.0,9.0,55.0,25.50892857142857,14.689285714285717,88.53571428571429
2021,Western,Colombo,6.924429,79.90725,4.0,9.0,572.0,26.683928571428574,9.196428571428571,85.96428571428571
2021,Western,Gampaha,7.0650263,79.96622,19.0,9.0,256.0,26.59285714285715,9.657142857142857,87.21428571428571
2021,Western,Kalutara,6.572935,80.02519,5.0,9.0,112.0,26.64642857142857,8.750000000000002,85.46428571428571
2021,Central,Kandy,7.275923,80.62659,499.0,9.0,93.0,23.485714285714288,3.3500000000000005,84.14285714285714
2021,Central,Matale,7.4868193,80.52632,362.0,9.0,15.0,25.925000000000004,5.750000000000001,86.67857142857143
2021,Central,Nuwara Eliya,6.9947276,80.73418,1865.0,9.0,9.0,15.453571428571426,6.846428571428572,93.85714285714286
2021,Southern,Galle,6.0808434,80.23373,8.0,9.0,41.0,26.401785714285715,9.582142857142856,85.64285714285714
2021,Southern,Hambantota,5.940246,80.55,6.0,9.0,23.0,26.77857142857143,6.4,85.21428571428571
2021,Southern,Matara,6.1511426,81.127815,8.0,9.0,35.0,28.40357142857142,1.7214285714285713,75.75
2021,Northern,Jaffna,9.66608,80.034874,8.0,9.0,0.0,28.4125,2.9107142857142856,81.07142857142857
2021,Northern,Kilinochchi,9.384886,80.38228,19.0,9.0,0.0,29.701785714285712,1.7964285714285713,70.96428571428571
2021,Northern,Mannar,8.963093,79.96543,5.0,9.0,0.0,28.978571428571435,0.9678571428571427,76.0
2021,Northern,Vavuniya,8.752197,80.53448,104.0,9.0,0.0,29.23214285714286,4.021428571428571,73.35714285714286
2021,Northern,Mulativu,9.244288,80.789246,5.0,9.0,0.0,29.769642857142856,3.9499999999999993,73.07142857142857
2021,Eastern,Batticaloa,7.6977153,81.65106,10.0,9.0,7.0,29.478571428571428,3.757142857142857,75.03571428571429
2021,Eastern,Ampara,7.275923,81.693474,38.0,9.0,9.0,29.89285714285714,3.925,71.5
2021,Eastern,Trincomalee,8.611599,81.170395,8.0,9.0,10.0,29.669642857142865,2.875,71.89285714285714
2021,North Western,Kurunegala,7.4868193,80.37352,129.0,9.0,52.0,25.425000000000004,5.750000000000001,86.60714285714286
2021,North Western,Puttalam,8.04921,79.84615,4.0,9.0,17.0,27.575000000000006,3.132142857142857,82.39285714285714
2021,North central,Anuradhapura,8.330404,80.42882,95.0,9.0,13.0,28.45357142857143,3.310714285714286,77.64285714285714
2021,North central,Polonnaruwa,7.908612,81.01536,56.0,9.0,7.0,30.214285714285708,3.007142857142857,65.85714285714286
2021,Uva,Badulla,6.9947276,81.03797,676.0,9.0,25.0,23.0625,6.1000000000000005,79.10714285714286
2021,Uva,Moneragala,6.8541303,81.35636,152.0,9.0,11.0,29.160714285714285,2.7464285714285706,69.64285714285714
2021,Sabaragamuwa,Ratnapura,6.7135324,80.38688,73.0,9.0,44.0,26.417857142857144,14.382142857142858,89.28571428571429
2021,Sabaragamuwa,Kegalle,7.275923,80.32176,172.0,9.0,19.0,25.9375,9.110714285714286,86.82142857142857
2019,Western,Colombo,6.924429,79.90725,4.0,10.0,2593.0,25.89821428571429,16.79642857142857,89.67857142857143
2019,Western,Gampaha,7.0650263,79.96622,19.0,10.0,2070.0,25.926785714285717,19.90357142857143,89.92857142857143
2019,Western,Kalutara,6.572935,80.02519,5.0,10.0,988.0,25.88928571428572,14.921428571428567,88.75
2019,Central,Kandy,7.275923,80.62659,499.0,10.0,1502.0,22.80892857142857,14.314285714285717,88.17857142857143
2019,Central,Matale,7.4868193,80.52632,362.0,10.0,275.0,25.571428571428577,18.060714285714287,88.75
2019,Central,Nuwara Eliya,6.9947276,80.73418,1865.0,10.0,52.0,15.367857142857144,15.439285714285711,92.21428571428572
2019,Southern,Galle,6.0808434,80.23373,8.0,10.0,536.0,25.65357142857143,16.064285714285713,88.35714285714286
2019,Southern,Hambantota,5.940246,80.55,6.0,10.0,224.0,26.23214285714285,11.317857142857145,86.10714285714286
2019,Southern,Matara,6.1511426,81.127815,8.0,10.0,493.0,26.433928571428574,8.642857142857142,85.92857142857143
2019,Northern,Jaffna,9.66608,80.034874,8.0,10.0,538.0,27.15714285714286,8.010714285714286,84.96428571428571
2019,Northern,Kilinochchi,9.384886,80.38228,19.0,10.0,22.0,27.13571428571429,8.896428571428572,84.32142857142857
2019,Northern,Mannar,8.963093,79.96543,5.0,10.0,22.0,26.86071428571428,7.260714285714285,84.53571428571429
2019,Northern,Vavuniya,8.752197,80.53448,104.0,10.0,60.0,26.575000000000003,11.078571428571433,87.32142857142857
2019,Northern,Mulativu,9.244288,80.789246,5.0,10.0,18.0,26.923214285714288,6.982142857142857,85.85714285714286
2019,Eastern,Batticaloa,7.6977153,81.65106,10.0,10.0,164.0,26.526785714285715,13.72142857142857,87.42857142857143
2019,Eastern,Ampara,7.275923,81.693474,38.0,10.0,83.0,26.478571428571424,14.614285714285716,88.5
2019,Eastern,Trincomalee,8.611599,81.170395,8.0,10.0,85.0,26.557142857142857,7.321428571428571,85.78571428571429
2019,North Western,Kurunegala,7.4868193,80.37352,129.0,10.0,350.0,25.071428571428573,18.060714285714287,88.71428571428571
2019,North Western,Puttalam,8.04921,79.84615,4.0,10.0,355.0,26.39821428571429,21.517857142857142,88.64285714285714
2019,North central,Anuradhapura,8.330404,80.42882,95.0,10.0,105.0,26.748214285714283,13.55714285714286,87.96428571428571
2019,North central,Polonnaruwa,7.908612,81.01536,56.0,10.0,51.0,26.94642857142857,9.632142857142856,85.46428571428571
2019,Uva,Badulla,6.9947276,81.03797,676.0,10.0,230.0,21.480357142857144,14.928571428571429,90.14285714285714
2019,Uva,Moneragala,6.8541303,81.35636,152.0,10.0,0.0,25.4125,15.992857142857144,90.92857142857144
2019,Sabaragamuwa,Ratnapura,6.7135324,80.38688,73.0,10.0,425.0,25.85,25.18214285714285,89.35714285714286
2019,Sabaragamuwa,Kegalle,7.275923,80.32176,172.0,10.0,332.0,25.53035714285714,21.632142857142856,88.64285714285714
2020,Western,Colombo,6.924429,79.90725,4.0,10.0,151.0,26.82678571428572,3.710714285714286,84.28571428571429
2020,Western,Gampaha,7.0650263,79.96622,19.0,10.0,43.0,26.71071428571429,3.9571428571428577,85.07142857142857
2020,Western,Kalutara,6.572935,80.02519,5.0,10.0,37.0,26.84285714285714,3.8571428571428577,83.60714285714286
2020,Central,Kandy,7.275923,80.62659,499.0,10.0,205.0,22.99821428571429,3.1607142857142856,83.96428571428571
2020,Central,Matale,7.4868193,80.52632,362.0,10.0,14.0,25.89821428571429,4.446428571428572,85.14285714285714
2020,Central,Nuwara Eliya,6.9947276,80.73418,1865.0,10.0,1.0,15.096428571428568,7.1,90.60714285714286
2020,Southern,Galle,6.0808434,80.23373,8.0,10.0,27.0,26.667857142857144,4.7714285714285705,83.82142857142857
2020,Southern,Hambantota,5.940246,80.55,6.0,10.0,10.0,26.919642857142858,2.967857142857143,84.71428571428571
2020,Southern,Matara,6.1511426,81.127815,8.0,10.0,27.0,28.95892857142857,0.9142857142857144,71.89285714285714
2020,Northern,Jaffna,9.66608,80.034874,8.0,10.0,52.0,28.3125,2.7857142857142856,80.39285714285714
2020,Northern,Kilinochchi,9.384886,80.38228,19.0,10.0,3.0,29.79107142857143,0.5857142857142857,68.75
2020,Northern,Mannar,8.963093,79.96543,5.0,10.0,0.0,29.09464285714285,0.5678571428571427,74.10714285714286
2020,Northern,Vavuniya,8.752197,80.53448,104.0,10.0,0.0,29.305357142857144,2.978571428571429,71.0
2020,Northern,Mulativu,9.244288,80.789246,5.0,10.0,0.0,29.935714285714283,1.582142857142857,69.28571428571429
2020,Eastern,Batticaloa,7.6977153,81.65106,10.0,10.0,236.0,29.54642857142857,1.567857142857143,70.71428571428571
2020,Eastern,Ampara,7.275923,81.693474,38.0,10.0,33.0,30.4375,1.6964285714285714,66.32142857142857
2020,Eastern,Trincomalee,8.611599,81.170395,8.0,10.0,5.0,29.71964285714286,2.696428571428572,68.85714285714286
2020,North Western,Kurunegala,7.4868193,80.37352,129.0,10.0,34.0,25.39821428571429,4.446428571428572,85.10714285714286
2020,North Western,Puttalam,8.04921,79.84615,4.0,10.0,13.0,27.41428571428571,2.060714285714286,82.75
2020,North central,Anuradhapura,8.330404,80.42882,95.0,10.0,11.0,28.300000000000004,2.0142857142857142,76.85714285714286
2020,North central,Polonnaruwa,7.908612,81.01536,56.0,10.0,12.0,30.139285714285712,1.3214285714285714,64.71428571428571
2020,Uva,Badulla,6.9947276,81.03797,676.0,10.0,12.0,23.59285714285714,1.0357142857142858,68.14285714285714
2020,Uva,Moneragala,6.8541303,81.35636,152.0,10.0,0.0,29.85,1.9285714285714288,62.71428571428572
2020,Sabaragamuwa,Ratnapura,6.7135324,80.38688,73.0,10.0,65.0,26.182142857142857,7.749999999999999,87.64285714285714
2020,Sabaragamuwa,Kegalle,7.275923,80.32176,172.0,10.0,37.0,26.064285714285717,6.1678571428571445,84.85714285714286
2021,Western,Colombo,6.924429,79.90725,4.0,10.0,1132.0,26.45714285714286,10.417857142857144,85.82142857142857
2021,Western,Gampaha,7.0650263,79.96622,19.0,10.0,685.0,26.341071428571425,11.853571428571428,87.32142857142857
2021,Western,Kalutara,6.572935,80.02519,5.0,10.0,291.0,26.51428571428572,9.460714285714287,84.78571428571429
2021,Central,Kandy,7.275923,80.62659,499.0,10.0,148.0,23.158928571428568,6.364285714285714,86.60714285714286
2021,Central,Matale,7.4868193,80.52632,362.0,10.0,28.0,25.88392857142857,9.74642857142857,86.39285714285714
2021,Central,Nuwara Eliya,6.9947276,80.73418,1865.0,10.0,10.0,15.455357142857146,8.075,92.89285714285714
2021,Southern,Galle,6.0808434,80.23373,8.0,10.0,69.0,26.442857142857143,8.800000000000002,83.92857142857143
2021,Southern,Hambantota,5.940246,80.55,6.0,10.0,40.0,26.89642857142857,5.371428571428572,83.64285714285714
2021,Southern,Matara,6.1511426,81.127815,8.0,10.0,60.0,28.057142857142853,4.2821428571428575,77.28571428571429
2021,Northern,Jaffna,9.66608,80.034874,8.0,10.0,1.0,27.353571428571428,9.189285714285717,83.57142857142857
2021,Northern,Kilinochchi,9.384886,80.38228,19.0,10.0,0.0,27.48214285714286,7.260714285714284,81.89285714285714
2021,Northern,Mannar,8.963093,79.96543,5.0,10.0,3.0,27.38571428571429,6.728571428571429,82.0
2021,Northern,Vavuniya,8.752197,80.53448,104.0,10.0,3.0,27.296428571428567,6.442857142857144,82.60714285714286
2021,Northern,Mulativu,9.244288,80.789246,5.0,10.0,1.0,27.95178571428572,5.007142857142858,81.21428571428571
2021,Eastern,Batticaloa,7.6977153,81.65106,10.0,10.0,21.0,27.84821428571429,6.317857142857142,81.92857142857143
2021,Eastern,Ampara,7.275923,81.693474,38.0,10.0,13.0,28.349999999999994,6.007142857142858,78.85714285714286
2021,Eastern,Trincomalee,8.611599,81.170395,8.0,10.0,10.0,27.91428571428572,5.871428571428571,79.60714285714286
2021,North Western,Kurunegala,7.4868193,80.37352,129.0,10.0,139.0,25.38392857142857,9.74642857142857,86.39285714285714
2021,North Western,Puttalam,8.04921,79.84615,4.0,10.0,35.0,26.726785714285715,9.164285714285713,85.71428571428571
2021,North central,Anuradhapura,8.330404,80.42882,95.0,10.0,19.0,27.198214285714283,7.057142857142858,84.14285714285714
2021,North central,Polonnaruwa,7.908612,81.01536,56.0,10.0,13.0,28.45178571428572,5.664285714285713,75.5
2021,Uva,Badulla,6.9947276,81.03797,676.0,10.0,105.0,22.446428571428577,7.103571428571428,82.17857142857143
2021,Uva,Moneragala,6.8541303,81.35636,152.0,10.0,12.0,27.432142857142857,5.075000000000001,77.21428571428571
2021,Sabaragamuwa,Ratnapura,6.7135324,80.38688,73.0,10.0,91.0,26.125,13.421428571428574,88.42857142857143
2021,Sabaragamuwa,Kegalle,7.275923,80.32176,172.0,10.0,50.0,25.85892857142857,12.375,86.5
2019,Western,Colombo,6.924429,79.90725,4.0,11.0,4217.0,26.205357142857142,12.66785714285714,89.14285714285714
2019,Western,Gampaha,7.0650263,79.96622,19.0,11.0,3154.0,26.39107142857143,12.789285714285713,88.78571428571429
2019,Western,Kalutara,6.572935,80.02519,5.0,11.0,1310.0,26.175,9.2,88.25
2019,Central,Kandy,7.275923,80.62659,499.0,11.0,2444.0,23.03928571428572,3.478571428571428,87.35714285714286
2019,Central,Matale,7.4868193,80.52632,362.0,11.0,902.0,25.866071428571427,5.657142857142857,85.53571428571429
2019,Central,Nuwara Eliya,6.9947276,80.73418,1865.0,11.0,97.0,15.517857142857142,4.8,89.35714285714286
2019,Southern,Galle,6.0808434,80.23373,8.0,11.0,993.0,26.18035714285714,7.403571428571428,87.10714285714286
2019,Southern,Hambantota,5.940246,80.55,6.0,11.0,263.0,26.655357142857135,5.960714285714284,85.96428571428571
2019,Southern,Matara,6.1511426,81.127815,8.0,11.0,543.0,26.607142857142858,5.567857142857143,85.92857142857143
2019,Northern,Jaffna,9.66608,80.034874,8.0,11.0,2641.0,27.262500000000003,3.060714285714286,85.0
2019,Northern,Kilinochchi,9.384886,80.38228,19.0,11.0,99.0,27.080357142857142,2.567857142857143,83.75
2019,Northern,Mannar,8.963093,79.96543,5.0,11.0,40.0,27.19821428571429,2.482142857142857,83.85714285714286
2019,Northern,Vavuniya,8.752197,80.53448,104.0,11.0,262.0,26.57321428571429,3.4250000000000003,86.32142857142857
2019,Northern,Mulativu,9.244288,80.789246,5.0,11.0,56.0,27.07857142857143,4.442857142857143,84.78571428571429
2019,Eastern,Batticaloa,7.6977153,81.65106,10.0,11.0,511.0,26.74464285714285,5.949999999999998,86.92857142857143
2019,Eastern,Ampara,7.275923,81.693474,38.0,11.0,432.0,26.72678571428571,8.207142857142857,87.14285714285714
2019,Eastern,Trincomalee,8.611599,81.170395,8.0,11.0,536.0,26.769642857142856,4.667857142857143,84.57142857142857
2019,North Western,Kurunegala,7.4868193,80.37352,129.0,11.0,612.0,25.366071428571427,5.657142857142857,85.5
2019,North Western,Puttalam,8.04921,79.84615,4.0,11.0,624.0,26.964285714285715,4.639285714285713,86.92857142857143
2019,North central,Anuradhapura,8.330404,80.42882,95.0,11.0,254.0,26.74642857142857,3.8642857142857134,87.21428571428571
2019,North central,Polonnaruwa,7.908612,81.01536,56.0,11.0,108.0,26.882142857142856,6.5892857142857135,86.17857142857143
2019,Uva,Badulla,6.9947276,81.03797,676.0,11.0,490.0,21.398214285714285,7.689285714285715,88.89285714285714
2019,Uva,Moneragala,6.8541303,81.35636,152.0,11.0,0.0,25.496428571428567,9.960714285714284,89.21428571428571
2019,Sabaragamuwa,Ratnapura,6.7135324,80.38688,73.0,11.0,687.0,26.200000000000003,8.878571428571428,88.96428571428571
2019,Sabaragamuwa,Kegalle,7.275923,80.32176,172.0,11.0,494.0,26.080357142857142,8.396428571428572,85.64285714285714
2020,Western,Colombo,6.924429,79.90725,4.0,11.0,59.0,26.475,13.275,87.25
2020,Western,Gampaha,7.0650263,79.96622,19.0,11.0,51.0,26.519642857142863,14.189285714285717,87.39285714285714
2020,Western,Kalutara,6.572935,80.02519,5.0,11.0,33.0,26.45892857142858,9.05357142857143,86.57142857142857
2020,Central,Kandy,7.275923,80.62659,499.0,11.0,115.0,23.27678571428572,6.339285714285715,86.75
2020,Central,Matale,7.4868193,80.52632,362.0,11.0,14.0,25.90892857142857,7.803571428571429,86.0
2020,Central,Nuwara Eliya,6.9947276,80.73418,1865.0,11.0,0.0,15.74821428571429,9.31785714285714,90.92857142857144
2020,Southern,Galle,6.0808434,80.23373,8.0,11.0,17.0,26.187499999999996,18.821428571428573,86.85714285714286
2020,Southern,Hambantota,5.940246,80.55,6.0,11.0,6.0,26.77857142857143,6.9607142857142845,85.39285714285714
2020,Southern,Matara,6.1511426,81.127815,8.0,11.0,17.0,27.3625,6.803571428571429,82.10714285714286
2020,Northern,Jaffna,9.66608,80.034874,8.0,11.0,21.0,27.02142857142857,6.917857142857144,84.21428571428571
2020,Northern,Kilinochchi,9.384886,80.38228,19.0,11.0,5.0,26.98392857142857,8.95,83.57142857142857
2020,Northern,Mannar,8.963093,79.96543,5.0,11.0,0.0,27.10535714285714,6.064285714285714,83.32142857142857
2020,Northern,Vavuniya,8.752197,80.53448,104.0,11.0,2.0,26.53214285714286,7.9071428571428575,86.5
2020,Northern,Mulativu,9.244288,80.789246,5.0,11.0,1.0,26.925000000000004,11.74642857142857,84.89285714285714
2020,Eastern,Batticaloa,7.6977153,81.65106,10.0,11.0,276.0,26.68035714285714,7.017857142857144,87.60714285714286
2020,Eastern,Ampara,7.275923,81.693474,38.0,11.0,14.0,26.94642857142857,9.117857142857142,86.57142857142857
2020,Eastern,Trincomalee,8.611599,81.170395,8.0,11.0,5.0,26.569642857142856,9.175,85.5
2020,North Western,Kurunegala,7.4868193,80.37352,129.0,11.0,11.0,25.40892857142857,7.803571428571429,86.0
2020,North Western,Puttalam,8.04921,79.84615,4.0,11.0,11.0,26.94821428571429,8.27142857142857,86.71428571428571
2020,North central,Anuradhapura,8.330404,80.42882,95.0,11.0,6.0,26.832142857142856,8.796428571428573,87.07142857142857
2020,North central,Polonnaruwa,7.908612,81.01536,56.0,11.0,3.0,27.105357142857144,7.32142857142857,85.03571428571429
2020,Uva,Badulla,6.9947276,81.03797,676.0,11.0,17.0,21.896428571428565,9.735714285714286,89.57142857142857
2020,Uva,Moneragala,6.8541303,81.35636,152.0,11.0,0.0,26.06428571428572,13.20714285714286,87.64285714285714
2020,Sabaragamuwa,Ratnapura,6.7135324,80.38688,73.0,11.0,47.0,26.31607142857143,14.275,87.64285714285714
2020,Sabaragamuwa,Kegalle,7.275923,80.32176,172.0,11.0,39.0,25.955357142857142,9.446428571428571,86.85714285714286
2021,Western,Colombo,6.924429,79.90725,4.0,11.0,1466.0,25.6875,19.375000000000004,87.75
2021,Western,Gampaha,7.0650263,79.96622,19.0,11.0,1172.0,25.58214285714285,18.95357142857143,89.03571428571429
2021,Western,Kalutara,6.572935,80.02519,5.0,11.0,454.0,25.76607142857144,16.57142857142857,86.92857142857143
2021,Central,Kandy,7.275923,80.62659,499.0,11.0,219.0,22.19464285714286,8.953571428571431,90.03571428571429
2021,Central,Matale,7.4868193,80.52632,362.0,11.0,39.0,24.93214285714286,12.635714285714284,88.96428571428571
2021,Central,Nuwara Eliya,6.9947276,80.73418,1865.0,11.0,14.0,15.05357142857143,12.403571428571428,92.53571428571428
2021,Southern,Galle,6.0808434,80.23373,8.0,11.0,106.0,25.758928571428573,14.167857142857144,85.42857142857143
2021,Southern,Hambantota,5.940246,80.55,6.0,11.0,43.0,26.441071428571423,10.450000000000005,84.25
2021,Southern,Matara,6.1511426,81.127815,8.0,11.0,82.0,27.16785714285714,7.353571428571428,80.17857142857143
2021,Northern,Jaffna,9.66608,80.034874,8.0,11.0,20.0,26.264285714285712,20.53214285714285,86.39285714285714
2021,Northern,Kilinochchi,9.384886,80.38228,19.0,11.0,2.0,26.00892857142857,18.59642857142857,87.17857142857143
2021,Northern,Mannar,8.963093,79.96543,5.0,11.0,27.0,26.2625,17.025,85.64285714285714
2021,Northern,Vavuniya,8.752197,80.53448,104.0,11.0,7.0,25.79821428571429,12.725,88.53571428571429
2021,Northern,Mulativu,9.244288,80.789246,5.0,11.0,0.0,26.485714285714288,14.746428571428575,86.5
2021,Eastern,Batticaloa,7.6977153,81.65106,10.0,11.0,31.0,26.44821428571429,11.239285714285714,88.60714285714286
2021,Eastern,Ampara,7.275923,81.693474,38.0,11.0,23.0,26.608928571428574,14.33214285714286,88.0
2021,Eastern,Trincomalee,8.611599,81.170395,8.0,11.0,51.0,26.380357142857143,13.685714285714283,85.85714285714286
2021,North Western,Kurunegala,7.4868193,80.37352,129.0,11.0,262.0,24.432142857142857,12.635714285714284,88.92857142857143
2021,North Western,Puttalam,8.04921,79.84615,4.0,11.0,95.0,26.00714285714286,19.639285714285712,87.75
2021,North central,Anuradhapura,8.330404,80.42882,95.0,11.0,33.0,25.93928571428571,13.342857142857143,89.03571428571429
2021,North central,Polonnaruwa,7.908612,81.01536,56.0,11.0,18.0,26.55178571428572,10.721428571428572,84.57142857142857
2021,Uva,Badulla,6.9947276,81.03797,676.0,11.0,202.0,21.4125,12.717857142857143,90.25
2021,Uva,Moneragala,6.8541303,81.35636,152.0,11.0,17.0,25.38571428571429,13.046428571428574,89.14285714285714
2021,Sabaragamuwa,Ratnapura,6.7135324,80.38688,73.0,11.0,87.0,25.403571428571432,17.985714285714288,89.75
2021,Sabaragamuwa,Kegalle,7.275923,80.32176,172.0,11.0,91.0,24.95357142857143,19.042857142857144,88.64285714285714
2019,Western,Colombo,6.924429,79.90725,4.0,12.0,3283.0,26.34464285714285,5.703571428571428,87.35714285714286
2019,Western,Gampaha,7.0650263,79.96622,19.0,12.0,2426.0,26.52321428571429,7.939285714285715,86.0
2019,Western,Kalutara,6.572935,80.02519,5.0,12.0,953.0,26.230357142857144,5.9750000000000005,87.71428571428571
2019,Central,Kandy,7.275923,80.62659,499.0,12.0,1493.0,22.758928571428577,4.0178571428571415,88.60714285714286
2019,Central,Matale,7.4868193,80.52632,362.0,12.0,798.0,25.56071428571429,3.621428571428571,84.53571428571429
2019,Central,Nuwara Eliya,6.9947276,80.73418,1865.0,12.0,90.0,15.560714285714289,10.485714285714284,92.10714285714286
2019,Southern,Galle,6.0808434,80.23373,8.0,12.0,823.0,26.09464285714286,8.667857142857143,86.03571428571429
2019,Southern,Hambantota,5.940246,80.55,6.0,12.0,195.0,26.642857142857142,3.871428571428571,84.42857142857143
2019,Southern,Matara,6.1511426,81.127815,8.0,12.0,355.0,26.423214285714288,5.396428571428572,85.60714285714286
2019,Northern,Jaffna,9.66608,80.034874,8.0,12.0,2763.0,26.235714285714288,5.396428571428572,83.71428571428571
2019,Northern,Kilinochchi,9.384886,80.38228,19.0,12.0,141.0,26.00892857142857,7.899999999999999,84.10714285714286
2019,Northern,Mannar,8.963093,79.96543,5.0,12.0,130.0,26.45178571428572,4.121428571428569,83.39285714285714
2019,Northern,Vavuniya,8.752197,80.53448,104.0,12.0,306.0,25.50178571428572,6.582142857142857,87.78571428571429
2019,Northern,Mulativu,9.244288,80.789246,5.0,12.0,72.0,26.35714285714286,9.078571428571427,83.14285714285714
2019,Eastern,Batticaloa,7.6977153,81.65106,10.0,12.0,1020.0,26.076785714285712,10.810714285714283,87.60714285714286
2019,Eastern,Ampara,7.275923,81.693474,38.0,12.0,569.0,25.880357142857143,11.099999999999998,89.21428571428571
2019,Eastern,Trincomalee,8.611599,81.170395,8.0,12.0,1366.0,26.02500000000001,9.792857142857144,84.75
2019,North Western,Kurunegala,7.4868193,80.37352,129.0,12.0,655.0,25.060714285714287,3.621428571428571,84.42857142857143
2019,North Western,Puttalam,8.04921,79.84615,4.0,12.0,487.0,26.54642857142857,4.957142857142856,85.28571428571429
2019,North central,Anuradhapura,8.330404,80.42882,95.0,12.0,270.0,25.85,5.539285714285713,87.89285714285714
2019,North central,Polonnaruwa,7.908612,81.01536,56.0,12.0,107.0,25.7875,12.242857142857146,89.10714285714286
2019,Uva,Badulla,6.9947276,81.03797,676.0,12.0,425.0,21.060714285714283,19.50714285714286,93.14285714285714
2019,Uva,Moneragala,6.8541303,81.35636,152.0,12.0,0.0,25.0,11.785714285714286,89.57142857142857
2019,Sabaragamuwa,Ratnapura,6.7135324,80.38688,73.0,12.0,456.0,25.89464285714286,6.9642857142857135,89.03571428571429
2019,Sabaragamuwa,Kegalle,7.275923,80.32176,172.0,12.0,368.0,25.926785714285717,3.917857142857144,83.64285714285714
2020,Western,Colombo,6.924429,79.90725,4.0,12.0,92.0,25.932142857142853,4.803571428571429,85.03571428571429
2020,Western,Gampaha,7.0650263,79.96622,19.0,12.0,51.0,26.03571428571429,5.053571428571429,84.39285714285714
2020,Western,Kalutara,6.572935,80.02519,5.0,12.0,52.0,26.02142857142857,4.721428571428571,85.0
2020,Central,Kandy,7.275923,80.62659,499.0,12.0,43.0,22.45892857142857,8.678571428571429,86.75
2020,Central,Matale,7.4868193,80.52632,362.0,12.0,10.0,25.03214285714286,12.45,85.07142857142857
2020,Central,Nuwara Eliya,6.9947276,80.73418,1865.0,12.0,1.0,15.103571428571428,7.978571428571429,90.75
2020,Southern,Galle,6.0808434,80.23373,8.0,12.0,12.0,25.89107142857143,5.4071428571428575,85.60714285714286
2020,Southern,Hambantota,5.940246,80.55,6.0,12.0,9.0,26.35892857142857,3.889285714285714,84.42857142857143
2020,Southern,Matara,6.1511426,81.127815,8.0,12.0,8.0,27.05,3.667857142857144,79.39285714285714
2020,Northern,Jaffna,9.66608,80.034874,8.0,12.0,39.0,25.58571428571428,14.814285714285718,84.14285714285714
2020,Northern,Kilinochchi,9.384886,80.38228,19.0,12.0,1.0,25.44464285714286,16.225,84.64285714285714
2020,Northern,Mannar,8.963093,79.96543,5.0,12.0,3.0,25.66964285714285,18.842857142857135,84.64285714285714
2020,Northern,Vavuniya,8.752197,80.53448,104.0,12.0,1.0,24.892857142857142,16.16071428571429,88.10714285714286
2020,Northern,Mulativu,9.244288,80.789246,5.0,12.0,4.0,25.84464285714286,15.053571428571429,83.78571428571429
2020,Eastern,Batticaloa,7.6977153,81.65106,10.0,12.0,840.0,25.75535714285714,11.51785714285714,87.64285714285714
2020,Eastern,Ampara,7.275923,81.693474,38.0,12.0,12.0,25.857142857142858,9.553571428571429,86.96428571428571
2020,Eastern,Trincomalee,8.611599,81.170395,8.0,12.0,8.0,25.603571428571428,17.650000000000002,85.17857142857143
2020,North Western,Kurunegala,7.4868193,80.37352,129.0,12.0,31.0,24.53214285714286,12.45,85.0
2020,North Western,Puttalam,8.04921,79.84615,4.0,12.0,14.0,25.81964285714286,12.096428571428572,85.60714285714286
2020,North central,Anuradhapura,8.330404,80.42882,95.0,12.0,10.0,25.241071428571427,13.553571428571429,88.25
2020,North central,Polonnaruwa,7.908612,81.01536,56.0,12.0,5.0,25.71785714285714,14.439285714285717,86.57142857142857
2020,Uva,Badulla,6.9947276,81.03797,676.0,12.0,30.0,20.8875,19.603571428571424,91.39285714285714
2020,Uva,Moneragala,6.8541303,81.35636,152.0,12.0,0.0,25.35535714285714,9.657142857142857,83.75
2020,Sabaragamuwa,Ratnapura,6.7135324,80.38688,73.0,12.0,18.0,25.751785714285703,5.921428571428571,86.57142857142857
2020,Sabaragamuwa,Kegalle,7.275923,80.32176,172.0,12.0,22.0,25.23392857142857,7.107142857142857,84.46428571428571
2021,Western,Colombo,6.924429,79.90725,4.0,12.0,2621.0,26.07857142857143,3.164285714285714,83.82142857142857
2021,Western,Gampaha,7.0650263,79.96622,19.0,12.0,1907.0,26.56428571428572,2.460714285714286,80.14285714285714
2021,Western,Kalutara,6.572935,80.02519,5.0,12.0,806.0,25.83392857142857,2.8928571428571423,85.03571428571429
2021,Central,Kandy,7.275923,80.62659,499.0,12.0,319.0,22.566071428571437,1.525,84.60714285714286
2021,Central,Matale,7.4868193,80.52632,362.0,12.0,44.0,25.39464285714286,1.975,79.85714285714286
2021,Central,Nuwara Eliya,6.9947276,80.73418,1865.0,12.0,29.0,14.733928571428573,2.260714285714286,87.5
2021,Southern,Galle,6.0808434,80.23373,8.0,12.0,173.0,25.683928571428574,4.260714285714285,85.42857142857143
2021,Southern,Hambantota,5.940246,80.55,6.0,12.0,71.0,26.319642857142853,4.725,83.25
2021,Southern,Matara,6.1511426,81.127815,8.0,12.0,100.0,26.66964285714285,4.360714285714286,79.07142857142857
2021,Northern,Jaffna,9.66608,80.034874,8.0,12.0,114.0,26.11607142857143,1.8857142857142857,79.64285714285714
2021,Northern,Kilinochchi,9.384886,80.38228,19.0,12.0,10.0,25.84821428571429,2.092857142857143,79.21428571428571
2021,Northern,Mannar,8.963093,79.96543,5.0,12.0,284.0,26.26428571428572,1.4107142857142858,78.89285714285714
2021,Northern,Vavuniya,8.752197,80.53448,104.0,12.0,10.0,25.642857142857142,1.989285714285714,82.17857142857143
2021,Northern,Mulativu,9.244288,80.789246,5.0,12.0,1.0,26.428571428571427,2.535714285714286,78.35714285714286
2021,Eastern,Batticaloa,7.6977153,81.65106,10.0,12.0,76.0,26.08750000000001,3.153571428571429,82.96428571428571
2021,Eastern,Ampara,7.275923,81.693474,38.0,12.0,81.0,25.89107142857143,4.075,83.67857142857143
2021,Eastern,Trincomalee,8.611599,81.170395,8.0,12.0,97.0,26.371428571428563,2.775,78.17857142857143
2021,North Western,Kurunegala,7.4868193,80.37352,129.0,12.0,412.0,24.89464285714286,1.975,79.82142857142857
2021,North Western,Puttalam,8.04921,79.84615,4.0,12.0,280.0,26.353571428571435,2.4607142857142854,81.85714285714286
2021,North central,Anuradhapura,8.330404,80.42882,95.0,12.0,41.0,26.10892857142857,1.825,83.03571428571429
2021,North central,Polonnaruwa,7.908612,81.01536,56.0,12.0,27.0,26.169642857142858,3.425,83.17857142857143
2021,Uva,Badulla,6.9947276,81.03797,676.0,12.0,205.0,20.49642857142857,5.907142857142858,90.03571428571429
2021,Uva,Moneragala,6.8541303,81.35636,152.0,12.0,37.0,25.24107142857143,3.9892857142857134,81.5
2021,Sabaragamuwa,Ratnapura,6.7135324,80.38688,73.0,12.0,176.0,25.637500000000003,5.832142857142855,86.5
2021,Sabaragamuwa,Kegalle,7.275923,80.32176,172.0,12.0,175.0,26.01785714285714,2.1821428571428574,78.21428571428571
